:020000040800F2
:10000000783400203D020008C9330008492F000859
:10001000713000084D1900086B3C0008000000001A
:10002000000000000000000000000000F937000898
:10003000D51C000800000000E1360008193900084E
:10004000570200085702000857020008570200082C
:10005000570200085702000857020008570200081C
:10006000570200085702000857020008570200080C
:1000700057020008570200085702000857020008FC
:1000800057020008570200085702000857020008EC
:10009000570200085702000857020008F11C000828
:1000A00057020008570200085702000857020008CC
:1000B000B539000857020008570200085702000827
:1000C00057020008570200085702000857020008AC
:1000D00057020008F53900085D3A0008893A00081F
:1000E000570200085702000857020008570200088C
:1000F000570200085702000857020008570200087C
:10010000570200085702000857020008570200086B
:10011000570200085702000857020008570200085B
:10012000570200085702000857020008570200084B
:1001300000F002F800F073F80AA090E8000C824486
:100140008344AAF10107DA4501D100F068F8AFF263
:10015000090EBAE80F0013F0010F18BFFB1A43F0A5
:1001600001031847ACD90000CCD900000A444FF075
:10017000000C10F8013B13F0070408BF10F8014B06
:100180001D1108BF10F8015B641E05D010F8016B4B
:10019000641E01F8016BF9D113F0080F1EBF10F8AF
:1001A000014BAD1C0C1B09D16D1E58BF01F801CBD2
:1001B000FAD505E014F8016B01F8016B6D1EF9D555
:1001C0009142D6D37047000000230024002500266A
:1001D000103A28BF78C1FBD8520728BF30C148BFAA
:1001E0000B607047702900F0898166290BF0058546
:1001F000642900F01381782900F07381732900F0DD
:100200007086002070471FB500F0A6FE0400002095
:1002100000210AF0A9FAE0601FBD10B510BD00F082
:100220009FFF1146FFF7EFFF07F0B8FD00F0BDFF9D
:1002300003B4FFF7F2FF03BC04F08FF809488047CE
:1002400009480047FEE7FEE7FEE7FEE7FEE7FEE7B8
:10025000FEE7FEE7FEE7FEE704480549054A064BD0
:10026000704700005539000831010008782A002045
:1002700078340020782C0020782C0020704770B54E
:100280000446051F00F07EFB0068002C14BF446884
:1002900070BD002C18BFAC423CBF20466468F8D348
:1002A00001680A18AA4218BF456003D12A680546AA
:1002B0001144016028684119A1421CBF6C6070BDE7
:1002C0006168696021680844286070BD0FB4044902
:1002D00010B503AA029800F009FE10BC5DF814FBEB
:1002E000A00000200FB41CB5074B06AA7B4469464A
:1002F0000090059800F0C3FD0020694600F0D2FD93
:100300001CBC5DF814FB0000B50B00000FB41CB55D
:100310000C0007AA009001D02044401E074B7B44EC
:1003200069460190069800F0AAFD002C03D06946AA
:10033000002000F0B7FD1CBC5DF814FB8D0B000025
:100340000FB41CB50C0007AA009002D000EB4400CB
:10035000801E094B7B4469460190069800F0DDFD44
:10036000002C06D069460198801C0190002000F006
:10037000E7FD1CBC5DF814FBE90B000070B50446FA
:1003800085690068C10601D5302600E02026C00737
:1003900007D070BDD4E9012130469047206A401C47
:1003A00020626D1EF6D570BD70B504468569007873
:1003B000C00707D170BDD4E9012120209047206AF1
:1003C000401C20626D1EF6D570BD70B50C4605460A
:1003D000012A05D02878800600D5EA69002302E0CA
:1003E000012305E05B1C934202D2E05C0028F9D1B6
:1003F000A869E618C01AA861286A18442862284625
:10040000FFF7BCFF04E0D5E9012114F8010B904788
:10041000B442F8D32846FFF7C7FF70BD2DE9F0417D
:100420000646002410687529314616A510D0AFF392
:100430000080002802DA404213A507E031688A07ED
:1004400001D512A502E0490704D511A5012401E058
:10045000AFF3008000210A2206F1240709E0B0FB77
:10046000F2FCB0FBF2F302FB1C003030785418466B
:10047000491C0028F3D123462A463046BDE8F04106
:1004800000F08FBA000000002D0000002B000000DB
:1004900020000000F0B40D460188090502D51B4C70
:1004A0007C4402E0194C7C440E34002100F124030A
:1004B00005E002F00F061209A65D5E54491C002AF1
:1004C000F7D102780023120704D5702D06D009B1A8
:1004D000022311342246F0BC00F063BA0123103429
:1004E000F8E770B504460D4621461068AFF300806A
:1004F000024629462046BDE87040CBE703681268F3
:1005000043F0200303600823C361C3E776D10000F2
:100510002DE9F05F894604464FF0000ADFF824B168
:10052000FB44C0F820A02046E168884700287DD021
:10053000252806D0D4E901219047206A401C20627A
:10054000F1E700255F462046E168884720280646F7
:1005500007DB312E05D2B81910F8200C08B105437D
:10056000F1E7A80701D525F00405C4F81CA0002771
:10057000C4F818A02A2E09D0304603F0E7FE38B39D
:1005800004EB8708303EC8F8186019E059F8041BDE
:10059000204604EB87029161E1688847012F0646F7
:1005A00018D1E069002820DA25F020051DE0D8F8F0
:1005B000180000EB800006EB40003038C8F8180047
:1005C0002046E1688847064603F0C0FE0028EED1C9
:1005D000012F0AD02E2E08D12046E16888477F1CC3
:1005E0000646022F45F02005C4DBA069002803DA87
:1005F000404245F00105A061E80701D025F0100553
:10060000A6B1A6F14100192802D8203645F40065AC
:100610004A463146204625604D46FFF7E3FD60B16E
:10062000012807D0ED1D25F0070000E007E000F1EC
:10063000080978E705F1040975E730467AE7206A8A
:10064000BDE8F09F1ED1000030B505460B462A4696
:1006500013F8014B12F8010B08B1A042F8D01CB1FD
:10066000002802D06D1CF1E7284630BD40EA0103A6
:1006700010B59B070FD1042A0DD310C808C9121F4B
:100680009C42F8D020BA19BA884201D9012010BD85
:100690004FF0FF3010BD1AB1D30703D0521C07E052
:1006A000002010BD10F8013B11F8014B1B1B07D1B6
:1006B00010F8013B11F8014B1B1B01D1921EF1D127
:1006C000184610BD10B5431C02E010F8011B71B1B3
:1006D0008107FAD14FF0013202C88C1A8C4314EA18
:1006E000C211F9D0C01A0A0603D0C01E10BDC01A2C
:1006F00010BD0A0401D0801E10BD0902FCD0401EAE
:1007000010BD002101E0801C491C0288002AFAD19A
:1007100008467047032A40F2308010F0030C00F0C6
:10072000158011F8013BBCF1020F624498BF11F82B
:1007300001CB00F8013B38BF11F8013BA2F10402E4
:1007400098BF00F801CB38BF00F8013B11F003035C
:1007500000F02580083AC0F0088051F8043B083AC0
:1007600051F804CBA0E80810F5E7121D5CBF51F862
:10077000043B40F8043BAFF30080D20724BF11F8DC
:10078000013B11F801CB48BF11F8012B24BF00F841
:10079000013B00F801CB48BF00F8012B704710B5B2
:1007A000203AC0F00B80B1E81850203AA0E8185069
:1007B000B1E81850A0E81850BFF4F5AF5FEA027C2A
:1007C00024BFB1E81850A0E8185044BF18C918C099
:1007D000BDE810405FEA827C24BF51F8043B40F83A
:1007E000043B08BF7047D20728BF31F8023B48BF1F
:1007F00011F8012B28BF20F8023B48BF00F8012B5D
:10080000704702F0FF0343EA032242EA024200F08B
:1008100002B84FF000020429C0F0128010F0030C5F
:1008200000F01B80CCF1040CBCF1020F18BF00F8E3
:10083000012BA8BF20F8022BA1EB0C0100F00DB892
:100840005FEAC17C24BF00F8012B00F8012B48BFF0
:1008500000F8012B70474FF0000200B51346944694
:100860009646203922BFA0E80C50A0E80C50B1F108
:100870002001BFF4F7AF090728BFA0E80C5048BF1C
:100880000CC05DF804EB890028BF40F8042B08BFBA
:10089000704748BF20F8022B11F0804F18BF00F8B6
:1008A000012B704710B5044610F0030F08BF11F07C
:1008B000030F40F015804FF0013E121FC0F20E8072
:1008C00051F8043BA3EB0E0C2CEA030C1CEACE1CE3
:1008D00008BF40F8043BF0D0A1F1040102F104028A
:1008E000521E08DB11F8013B002B00F8013BF7D149
:1008F0001146FFF78EFF204610BD00004FF0013C6F
:1009000050F8042B51F8043B9A4221D1A2EB0C037E
:10091000934313EACC1317D150F8042B51F8043B3E
:100920009A4215D1A2EB0C03934313EACC130BD1DB
:1009300050F8042B51F8043B9A4209D1A2EB0C0366
:10094000934313EACC13DBD04FF00000704700BF95
:10095000D01A01BAB1FA81F101F0180122FA01F0BE
:10096000CB40C1F12001DBB2C0B2C01A2CFA01F3B6
:10097000D11A914311EAC311E6D17047704770470D
:1009800070477047004870471C2A002010B500F0DF
:10099000E7FA006810BD10B5044600F0E1FA046003
:1009A00010BD2DE9F0470D4699469246044600F1E8
:1009B00024080168880604D5E06921F0100121604F
:1009C00000E00120A84201DD471B00E00027A169EB
:1009D0007A1902EB0900081AA0612078C00602D437
:1009E0002046FFF7CBFC002608E0D4E901211AF8E5
:1009F00006009047206A401C761C20624E45F4DBBE
:100A00002078C0060AD52046FFF7B8FC06E0D4E9F6
:100A1000012130209047206A401C2062381EA7F137
:100A20000107F4DC07E0D4E9012118F8050090473C
:100A3000206A401C2062281EA5F10105F3DC204637
:100A4000FFF7B2FC2078000602D50220BDE8F0874F
:100A50000120FBE770472DE9FF4F0C461E464FF083
:100A6000FF378BB0D2E90001DDF860800A908A463A
:100A7000C1F30A5505B93D46002108464FF0000074
:100A8000BAF1000F00F4400005DA00EB80004FF4EB
:100A9000400101EA50004FEA9059B9F1010F00DD21
:100AA000B9460A9850EA4A000ED044F61050A5F212
:100AB000FF3545432F14B8F1000F1ED07542291E93
:100AC0001EDDC9F100021CE0B8F1010F4FF000007B
:100AD00001D0302103E0F24305E02154401CB04234
:100AE000FBDB30460022002121540B99C1F808801D
:100AF000C1E900200FB0BDE8F08FBD1B6D1CDEE723
:100B00004A4600DA694206A800F0B4FA06AB93E858
:100B1000070003AB83E8070050460A9900F04EFB3C
:100B20008DE80700A0F500501F3800900398002DB5
:100B30000ADD42F21F014A460844002303A903903C
:100B4000684600F0B7FD09E0A0F500504A461F389E
:100B5000002303A90390684600F0C1FD8DE807005B
:100B60000004000C03D04FF0FF30410800E01046B5
:100B7000B8F1000F03D00022009215461EE0751E4A
:100B800005D400F0F1F9303262556D1EF9D5B34647
:100B90000122084302D000227F1C04E02078302884
:100BA00001D100227F1E002A099784D01DE0112D5B
:100BB00007DA00F0D9F9303262556D1C50EA0102B3
:100BC000F5D1084302D00098C8B10EE00021681E9C
:100BD00005E0235C625C63542254401E491C814240
:100BE000F7DBAB46A81B401E0990002004F80B0061
:100BF0000B98099AC0F80880C0E9002B7AE7112603
:100C00004FF0000857E72DE9F04F88460446D21D03
:100C100022F0070191B0D1E90001CDE90A0103F00A
:100C200051F802460B98C00F01D02D2007E0206834
:100C3000810701D52B2002E0202101EAC000032A10
:100C4000099001D0072A05DB03464146204600F003
:100C5000D1F90BE12078800601D5E06900E006209B
:100C6000B8F1650F814606D0B8F1660F18D0B8F11B
:100C7000670F70D131E00020B9F1110F009001DB56
:100C8000112301E009F101030AAA01A90CA8FFF749
:100C9000E2FEDDE90C70002609F10105834647E01C
:100CA00001204B4600904FF000470AAA01A90CA86A
:100CB000FFF7D1FEDDE90DB00C995D46002610B9B5
:100CC00009F101000D18B9EB050003D4C0F1FF369E
:100CD00009F10105A5EB09002BE0B9F1010F01DADB
:100CE0004FF001090020B9F1110F0090484601DDD5
:100CF000112300E003460AAA01A90CA8FFF7ABFEE6
:100D0000DDE90C704D4600268346207800070AD4A2
:100D1000AB4500DA5D4601A8012D04DD411911F84B
:100D2000011C302907D04F4502DA17F1040F04DA0D
:100D3000012082460FE06D1EEEE7002F02DCED1B66
:100D40003E4403E0781CA84200DD7D1CB81B00F186
:100D5000010A4FF000472078000703D4AA4501DBC1
:100D60004FF0FF3A0021B7F1004F0DF143088DF825
:100D7000431024D002202B23002F01DA7F422D23A1
:100D80000A21021EA0F1010000DC5FB197FBF1FC1B
:100D900097FBF1F201FB1C7C17460CF1300C08F8B4
:100DA00001CDEEE7A8F1010003702188090501D506
:100DB000452100E06521A0F1010800F8011C099817
:100DC0000FA9A1EB0807FF1D00B10120411901EB9C
:100DD000EA70A1693844081A401EA0612078C00654
:100DE00002D42046FFF7CAFA099828B1D4E90121B4
:100DF0009047206A401C20622078C00622D52046F9
:100E0000FFF7BCFA1EE0002E04DBB34502DD01A8AB
:100E1000805D00E03020D4E901219047206A401C29
:100E20002062761CAAF101005FEA000A0AD100F0F4
:100E300093F8C0680168405CD4E901219047206ABA
:100E4000401C2062281EA5F10105DCDC07E0D4E986
:100E5000012118F8010B9047206A401C2062381EBF
:100E6000A7F10107F3DC2046FFF79EFA032011B03B
:100E700041E6000001694A1C02610878704700B52C
:100E80008FB0CDE901310021059105497944CDE9C3
:100E9000031011466846FFF73BFB0FB000BD000092
:100EA000E5FFFFFF0A6802F8010B0A607047D1E90D
:100EB00000239A4202D2531C0B601070704710B589
:100EC000436913B1AFF3008001E0FFF77EFA012020
:100ED00010BD127800F124010A7000224A7001222C
:100EE000EDE711684FF0FF32E9E70000074B70B5FE
:100EF0000D467B44FFF7C3FF0446284600F02CF95B
:100F000010B14FF0FF3070BD204670BD7743000038
:100F100001698A1C02610888704700B58FB0CDE96D
:100F200001310121059105497944CDE903101146AC
:100F30006846FFF7EDFA0FB000BD0000E5FFFFFFC8
:100F4000D1E900239A4202D2931C0B6010807047B3
:100F500000487047142A002000487047342A0020B7
:100F600000487047142A002030B5B0F10A024FEA59
:100F7000900E71F100034EEA817EB0EB0E0061EB42
:100F800091014FEA101E4EEA017E10EB0E0041EB7C
:100F900011114FEA102E4EEA016E10EB0E0041EBDC
:100FA00011214FEA104E4EEA014E10EB0E0041EBBC
:100FB0001141401841F100014FEAD00040EA417070
:100FC0004FEAD10110EB80054FEA810444EA9074A6
:100FD00044EB01046D1944EB0404521BA3414FF090
:100FE000000348BF0A3200D530BD401C41F100016A
:100FF00030BD00002DE9F0411F460446032601687C
:10100000072A01F4006004DB08B116A505E016A567
:1010100003E008B115A500E015A521F0100020603F
:10102000A069C01EA0610FB1401EA0612046FFF75D
:10103000A5F94FB1D4E9012138469047206A401CF8
:101040002062C01C206206E0206AFAE7D4E9012190
:1010500015F8010B9047761EF8D22046FFF7A4F949
:10106000BDE8F0814E414E006E616E00494E460073
:10107000696E66002DE9F047814616468AB035480C
:1010800078440DC88DE80D0032487844801C03ACCC
:101090000DC884E80D0041F69B300844372190FBD1
:1010A000F1F290FBF1F5A5F1800501FB12041B3C68
:1010B00002D56442012000E00020DFF898A08046BD
:1010C0000027FA44AAF1BE0A0EE0E0070AD0324631
:1010D000684607EB470101230AEB810100F0FFFAA4
:1010E0008DE8070064107F1C002CEED1194F7F445F
:1010F000AE3F19E0E80715D007EB04100DF1180A10
:1011000090E80E008AE80E00C068F04201D19819FC
:1011100008903246012306A903A800F0E0FA03ABC9
:1011200083E807006D10641C002DE3D14FF001032C
:1011300032466946B8F1000F03A802D000F0BAFAAF
:1011400001E000F0CCFAC9E90001C9F808200AB0B2
:10115000BDE8F08700C80000007B00F08000704709
:101160007546FFF7F5FEAE4605006946534620F08A
:101170000700854618B020B5FFF76EF8BDE820409F
:101180004FF000064FF000074FF000084FF0000B43
:1011900021F00701AC46ACE8C009ACE8C009ACE8F6
:1011A000C009ACE8C0098D46704710B50446AFF3DE
:1011B00000802046BDE81040FFF73AB85FEA400CD7
:1011C00008BF91F0000F4FEA8C234FEAC12243EA97
:1011D00051514FEA1C5018BF00F5F0404FEA300063
:1011E00018BF41F000415FEA6C5C00F02980BCF15F
:1011F000FF3F08BF40F080407047130C06BF120449
:101200004FF0100C4FF0000C130E04BF12020CF143
:10121000080C130F04BF12010CF1040C930F04BF50
:1012200092000CF1020CD30F04BF52000CF1010C20
:1012300011464FF00002A0F11F00A0EB0C00704718
:1012400011F0004F08BF704731F000413FF4D5AFB7
:101250000B0C06BF09044FF0100C4FF0000C0B0EE6
:1012600004BF09020CF1080C0B0F04BF09010CF1BB
:10127000040C8B0F04BF89000CF1020CCB0F04BFD0
:1012800049000CF1010CCCF12003A0EB0C0022FA78
:1012900003F302FA0CF241EA030100F10100704786
:1012A00020F07F4C80EA030023F07F47ACEB07037C
:1012B00003F57C5300F0004003F1FF032DE9804962
:1012C0004FEA154B09B44FEA144325EA0B4E24EAC2
:1012D00003480FF2042606EB132749083E785FEA1D
:1012E000320203FB0667C7F5000707FB06F64FEA65
:1012F00054374FEAD64606F1020607FB066CCCF1DE
:10130000005C4FEA1C472CEA074C07FB06F40CFB79
:1013100006F504EB15464FEA961634BF00204FF051
:1013200000404FEAD13706FB07FC4FEA1C4C0CFB90
:101330000BF7D21B03FB0CF761EB07010CFB0EF75D
:10134000B0EB074072EB17420CFB08F734BFA2EB7F
:101350000742B2EB074261EB17414FEA0C444FEAF8
:10136000910706FB07FC4FEA1C4C0CFB0BF7B0EB9C
:10137000C74072EB573203FB0CF734BFA2EBC742F6
:10138000B2EBC74261EB57310CFB0EF7B0EBC70075
:1013900072EB57720CFB08F734BFA2EBC702B2EB3B
:1013A000C70261EB5771039F4FEA816141EA9211D5
:1013B00004EBCC044FEAD1374FEA826206FB07FC0C
:1013C00042EA90124FEA80604FEA1C4C0CFB0BF78C
:1013D000D21B03FB0CF761EB07010CFB0EF7B0EB24
:1013E000074072EB17420CFB08F734BFA2EB074231
:1013F000B2EB074261EB17414FEA8C554FEA910778
:1014000004EB9C2406FB07FC4FEA1C4C0CFB0BF77F
:10141000B0EBC74072EB573203FB0CF734BFA2EBC3
:10142000C742B2EBC74261EB57310CFB0EF7B0EB92
:10143000C70072EB57720CFB08F734BFA2EBC70270
:10144000B2EBC70261EB577115EB4C254FEA816196
:1014500041EA92114FEA82624FEAD13742EA901292
:1014600006FB07FC44F100044FEA80604FEA1C4C85
:101470000CFB0BF7D21B03FB0CF761EB07010CFB1A
:101480000EF7B0EB074072EB17420CFB08F734BFC6
:10149000A2EB0742B2EB074261EB174115EB1C15BB
:1014A0004FEA813141EA92414FEA823242EA904268
:1014B0004FEA80304FEA0C7644F1000448EA0343D7
:1014C0004EEA0B484FF0000EB2EB080C71EB03072D
:1014D00024BF624639464EEB0E0E4FF0000B00184B
:1014E000524149414BEB0B0BB2EB080C71EB03077C
:1014F0007BF1000B24BF624639464EEB0E0E4FF0D7
:10150000000B0018524149414BEB0B0BB2EB080C9E
:1015100071EB03077BF1000B24BF624639464EEBAB
:101520000E0E51EA020718BF46F0010616EB0E76C2
:1015300055F1000254F1000103D5BDE88901BDE871
:101540000088BDE88901BDE80048B619524141EB69
:101550000101A3F10103704780807F7E7D7C7B7A4F
:101560007978777676757473727171706F6E6E6D4F
:101570006C6C6B6A6A6968686766666564646363F5
:1015800062616160605F5F5E5E5D5D5C5C5B5B5A7B
:101590005A595958585757565655555554545353E8
:1015A00052525251515050504F4F4F4E4E4D4D4D43
:1015B0004C4C4C4B4B4B4A4A4A494949484848478E
:1015C00047474746464645454544444444434343CC
:1015D0004342424242414141002B9C4630D4770075
:1015E0002BD01CB54FEA370703B44FF010004FF073
:1015F0001001BAF1000F06D0BCF1000FDCBF40F0C3
:10160000080040F008014FF000000FBCBDE810409A
:101610000BF1010BBBF1010F08BF5FEA170722BFF7
:1016200012F1010211F101014FF0004143F10003F9
:1016300000F0004043EA00007047F9D35708D0E7B4
:1016400046EA064613F1400F4FEA16461FDD13F136
:10165000200FDFBF16430A46002120335B42BED075
:10166000C3F1200746EA064602FA07F74FEA164694
:1016700046EA0706C3F1200722FA03F201FA07F748
:1016800021FA03F14FF0000342EA0702A7E746EA16
:10169000020646EA06464FEA164646EA0106BCBF7F
:1016A00046EA0646360C4FF000034FF000024FF0BA
:1016B000000194E72DE9804C9A46934670B491E876
:1016C000380007C831EA400C48BF34EA430C03D560
:1016D000FFF7E6FDFFF780FFF0BCBDE8008C2DE9C9
:1016E000804C9A46934670B491E8380007C810F0D1
:1016F000804F08BF13F0804F03D100F005F8FFF7CB
:101700006BFFF0BCBDE8008C20F07F4780EA03004F
:1017100023F07F4C07EB0C03A3F57C5300F0004053
:10172000A3F1FE0392F0000F00F0B38095F0000FDC
:1017300000F077802DE901494FEA11404FEA144645
:1017400021EA004800FB06FC24EA064708FB06F6EF
:1017500007FB08F800FB07F718EB06484CEB164CA4
:101760004FEA124B18EB07484FEA15464CEB17406F
:1017700022EA0B4E0BFB06FC25EA06470EFB06F69B
:1017800007FB0EFE0BFB07F71EEB064E4CEB164C51
:101790004FF000061EEB074E4CEB174B18EB0B08F7
:1017A00040F1000018EB0E0B58EB000840F1000070
:1017B0008F1A4FF000013CBFC943661B14BFB5EB45
:1017C000040C00213CBFC943F61B4FEA17444EEA04
:1017D0008E0E27EA04454FEA1C4704FB07622CEAF9
:1017E000074C05FB07F70CFB05F604FB0CFC16EB9E
:1017F000074642EB174216EB0C4642EB1C421BEB32
:10180000060658EB0202414146EA9E0601D5BDE8B4
:101810000189B619524141EB0101A3F10103BDE871
:1018200001894FEA14454FEA114724EA054621EAA7
:10183000074C05FB07F406FB07F70CFB06F105FB5D
:101840000CFC11EB074144EB17444FEA124711EB34
:101850000C4144EB1C4422EA074C05FB07F206FB53
:1018600007F70CFB06F605FB0CFC16EB074642EBF4
:10187000174216EB0C4642EB1C456A1854F1000166
:1018800048BF7047B619524141EB0101A3F1010372
:10189000704795F0000F37D04FEA11424FEA1447D6
:1018A00021EA024624EA074C02FB07F106FB07F790
:1018B0000CFB06F402FB0CFC14EB074441EB174154
:1018C0004FEA154714EB0C4441EB1C4125EA074C49
:1018D00002FB07F506FB07F70CFB06F602FB0CFC08
:1018E00016EB074645EB174516EB0C4645EB1C423D
:1018F000121951F1000148BF7047B619524141EB2E
:101900000101A3F1010370474FEA14454FEA114763
:1019100024EA054621EA074C05FB07F106FB07F719
:101920000CFB06F24FF0000605FB0CFC12EB074225
:1019300041EB174112EB0C4251EB1C4148BF704781
:10194000921841EB0101A3F10103704700BFFEE7CC
:1019500013B582B00446012003A903462246CDE90F
:101960000010D02101F038F81FBD000010B504466A
:1019700024B1012C20D0022C5AD13BE02E4800EBA0
:101980000410007B50B92C4A02EB041291882A4AB9
:1019900002EB0412106800F088FB09E0264A02EB13
:1019A00004129188244A02EB0412106800F07FFBB5
:1019B0000020224908703CE01F4800EB0410007B27
:1019C00050B91D4A02EB041291881B4A02EB041223
:1019D000106800F06AFB09E0174A02EB04129188D4
:1019E000154A02EB0412106800F061FB0020134955
:1019F00008701EE0104800EB0410007B50B90E4A3E
:101A000002EB041291880C4A02EB0412106800F0F9
:101A10004CFB09E0084A02EB04129188064A02EBEB
:101A20000412106800F043FB00200449887000E0B5
:101A300000BF00BF10BD0000BC000020A8000020B7
:101A400010B500241548006820F470201349086080
:101A50000846006840F40020086004E0601CC4B23E
:101A6000012003F0DEF90E48006808B1C82CF5DB50
:101A7000C82C01DB012010BD002404E0601CC4B2AE
:101A8000012003F0CEF90648006808B9F02CF5DB18
:101A9000F02C01DB0120EEE70020ECE7000C014018
:101AA000108121422DE9F84F00F0CEF800F0AAF89D
:101AB000FFF7C6FFCC2000F0D3F8BE2000F0D0F82E
:101AC00000F08EF8834600F08BF80446072C08DD02
:101AD000E043C4B26FEA0B0000F0FF0B4FF0000AC6
:101AE00001E04FF0010AA1464FEA09200FFA80F900
:101AF00009EB0B000FFA80F9484609F0ABFE0090A5
:101B000009F0DCFC07460022084B09F01FF90546E6
:101B100009F086F80FFA80F9BAF1000F02D04846B2
:101B2000BDE8F88FC9F1000000B2F9E70000E43F1A
:101B300008B50121082001F0E5FD0121084601F06A
:101B4000E1FD0121094800F05FFA1020ADF8000026
:101B50008DF8030003208DF802006946044800F068
:101B6000C7F900F04FF8FFF76BFF08BD0002300027
:101B7000000C014010B51748006820F4702015498A
:101B800008600846006840F44030086000201249B0
:101B90000860022003F045F901201049C1F89001C6
:101BA0000C48006820F470200A4908600846006864
:101BB00040F4002008600C2003F033F90648803818
:101BC000006808B1012400E00024322003F029F964
:101BD000204610BD000C014090812142008021422E
:101BE00070B50026012508E0FFF7C4FF0446E001B8
:101BF00040EA6600C6B2681CC5B2082DF4DD304666
:101C000070BD000010B50D48006820F470200B492D
:101C100008600846006840F4403008600020084929
:101C2000086040F2EE2003F0FCF801200549C1F8FD
:101C300090010F2003F0F5F810BD0000000C0140EA
:101C4000908121420080214210B5FFF7DBFFFFF7B2
:101C5000F7FECC2000F004F8442000F001F810BD9D
:101C600070B504461848006820F4702016490860D2
:101C70000846006840F440300860012520E004F088
:101C8000010664106EB1002010490860022003F0C4
:101C9000C8F801200E49C1F890013C2003F0C1F8BA
:101CA0000CE00020094908603C2003F0BAF801204C
:101CB0000749C1F89001022003F0B3F8681CC5B2CF
:101CC000082DDCDD70BD0000000C01409081214238
:101CD000008021427047000004490978002904DD92
:101CE00002490978491E014A11707047D401002049
:101CF00010B5202000F002F810BD00000149086076
:101D00007047000014040140002123498279002A11
:101D10003AD00A46126803689A430B461A600A1DB5
:101D2000126803689A430B1D1A60027911440A680D
:101D300003681A430A60184A0832126803689A4313
:101D4000154B08331A601A1D126803689A43124B28
:101D50000C331A604279102A0ED11A1F12680368D8
:101D60001A430D4B08331A601A1D126803681A4390
:101D7000094B0C331A600DE00749427911440A6897
:101D800003681A430A6005E0027911440A6803688F
:101D90009A430A60704700000004014030B50446D1
:101DA00004254FF4302000F06FF80546042D17D1BC
:101DB0000C48006940F002000A4908610846446185
:101DC000006940F0400008614FF4302000F05CF8FA
:101DD00005460448006941F6FD7108400149086163
:101DE000284630BD0020024004200B49C96801F09C
:101DF000010109B101200EE00749C96801F00401A1
:101E000009B1022007E00449C96801F0100109B1D5
:101E1000032000E0042070470020024003480069CE
:101E200040F0800001490861704700000020024036
:101E300070B504460D460426F00200F025F806466B
:101E4000042E11D10948006940F0010007490861DA
:101E50002580F00200F018F806460448006941F6B3
:101E6000FE71084001490861304670BD0020024003
:101E700002480349486003484860704723016745AA
:101E800000200240AB89EFCD00B502460423FFF7E6
:101E9000ABFF034603E0FFF7A7FF0346521E012BEB
:101EA00001D1002AF7D102B90523184600BD000070
:101EB00030B500228B071C0F0F2303FA04F20B4BE3
:101EC0008C1053F824309343084C8D1044F825307F
:101ED00023468C1053F824308C07240F00FA04F4A6
:101EE0002343024C8D1044F8253030BD08000140DA
:101EF0002DE9F041024600250026002000230024A1
:101F0000002791F803C00CF00F0591F803C00CF006
:101F1000100CBCF1000F03D091F802C04CEA05058B
:101F200091F800C0BCF1000F31D0146800202BE004
:101F30004FF0010C0CFA00F3B1F800C00CEA0306F4
:101F40009E4220D183004FF00F0C0CFA03F7BC43E4
:101F500005FA03FC4CEA040491F803C0BCF1280F15
:101F600006D14FF0010C0CFA00FCC2F814C00AE0D4
:101F700091F803C0BCF1480F05D14FF0010C0CFAE9
:101F800000FCC2F810C0401C0828D1D31460B1F87E
:101F900000C0BCF1FF0F34DD546800202EE000F1DA
:101FA000080C4FF0010808FA0CF3B1F800C00CEA75
:101FB00003069E4221D183004FF00F0C0CFA03F769
:101FC000BC4305FA03FC4CEA040491F803C0BCF1DD
:101FD000280F05D100F1080C08FA0CF8C2F814809B
:101FE00091F803C0BCF1480F07D100F1080C4FF085
:101FF000010808FA0CF8C2F81080401C0828CED35B
:102000005460BDE8F0810000F0B50A4600230024CA
:102010000021002500F00046B6F1004F02D11D4E10
:10202000F16901E01B4E7168C0F3034583B200F40F
:102030004016B6F5401F08D121F07061154E766844
:1020400026F07066134F7E6012E000F48016B6F53D
:10205000801F06D1032606FA05F4A14341F0706102
:1020600006E0460D360103FA06F6B14341F0706111
:1020700022B1460D360103FA06F6314300F0004660
:10208000B6F1004F02D1034EF16101E0014E7160E3
:10209000F0BD0000000001400246002093680B40A4
:1020A0000BB1012000E000207047416170470161E1
:1020B00070472DE9FE4F05460C4616461F46DDF8D3
:1020C0003090C4F1800000EBD0714FEA610AC4F196
:1020D000800000EBD07104EB6101A1F1010BA84677
:1020E000A819401E0290CDE900795A464146504653
:1020F000029B00F02FF8BDE8FE8F2DE9F041054668
:102100000C4616460027A8462046FEF7DBFA80213B
:10211000A1EBC0004708334622464146384600F04E
:10212000BBFABDE8F081000002460020002100BF9C
:102130000BE0002105E0064B03EBC0135A544B1C87
:10214000D9B28029F7DB431CD8B20828F1DB7047ED
:10215000BC1500202DE9F04F8BB007460C46934686
:102160009946159D00200A900026099082468046D7
:1021700008900790BA46A3E0A0469CE005F0040052
:1021800028B10BEB0700A0EB0A00089001E0CDF8A6
:1021900020A0002683E005F0080030B109EB040020
:1021A000A0EB0800801B079002E008EB06000790F8
:1021B0000A991498405CB04000F08000099005F046
:1021C000010010B1099800B967E005F0020028B1DC
:1021D000099808B9012000E00020099005F01000DE
:1021E00018B905F02000002851D00799081B09F004
:1021F00031FB029035488169029809F08BFB04900D
:102200000899C81B09F026FB0090304841690098E6
:1022100009F080FB0290384609F01CFB01900299FE
:1022200009F078F90390049909F072FC0690079977
:10223000081B09F00FFB029024484169029809F03D
:1022400069FB04900899C81B09F004FB00901F4823
:102250008169009809F05EFB0290204609F0FAFAC5
:102260000190029909F056F90390049909F052F986
:102270000590059809F0B2FA0490069809F0AEFAB4
:1022800003900146049A099800F0CEF904E0DDE9D4
:102290000721099800F0C8F900BF701CC6B2082ECB
:1022A00004DAA9EB0800B0423FF775AF0A98401C6A
:1022B0000A9008F10808C845FFF660AF0AF1010A64
:1022C000DA45FFF659AF0BB0BDE8F08FBC1900201E
:1022D0002DE9F04F89B082468B4617469846129EEC
:1022E0000025002400200890079006900590814664
:1022F000A7F12000C7B200BFC9E0B8F1100F09D1A3
:1023000006F0040020B1C5F10800C0B208900DE04D
:1023100008950BE0062D00DBBCE006F0040020B1C0
:10232000C5F10600C0B2089000E008950024A8E0BE
:10233000B8F1100F20D106F0080020B1C4F1100050
:10234000C0B2079000E007942046E21704EB5272F7
:10235000D21005EB071303EBC202504B9A5C2146E7
:10236000E31704EB5373DB10A4EBC30C012303FA54
:102370000CF302EA030915E0082C00DB84E006F008
:10238000080020B1C4F10800C0B2079000E0079433
:1023900007EB4700424901EB4000415D0120A040AE
:1023A00001EA000906F0010018B1B9F1000F00D1EF
:1023B00065E006F0020030B1B9F1000F01D1012053
:1023C00000E00020814606F0100010B906F0200061
:1023D000E8B3079809F056FA0290324881690298EA
:1023E00009F098FA0490089809F04CFA01902D48E9
:1023F0004169019809F08EFA02902A480168029812
:1024000009F088F80390049909F082FB0690079878
:1024100009F038FA029023484169029809F07AFAE3
:102420000490089809F02EFA01901E4881690198DD
:1024300009F070FA02901B484168029809F06AF8A6
:102440000390049909F066F80590059800E00CE007
:1024500009F0C4F90490069809F0C0F90390014608
:102460004846049A00F0E0F808E0079800EB0B02F9
:10247000089800EB0A01484600F0D6F800BF601C3F
:10248000C4B2102CFFF654AF00BF681CC5B2082DB3
:10249000FFF633AF00BF09B0BDE8F08F68C2000897
:1024A00040C00008BC1900202DE9F04F87B08046DD
:1024B000894692461D4600260024A3460020069029
:1024C00005900490002700BF9CE005F0040020B1B7
:1024D000C6F1100000F0FF0B01E006F0FF0B002436
:1024E0008CE005F0080020B1C4F11000C0B20690E5
:1024F00001E0E0B206902046E21704EB5272D210DF
:1025000006EB02130AEB0A12DFF804C10CEB4202DD
:10251000921CD25C2146E31704EB5373DB10A4EB4F
:10252000C30C012303FA0CF302EA030705F00100D0
:1025300008B107B961E005F0020020B10FB9012030
:1025400000E00020074605F0100018B905F0200053
:10255000002849D0069809F095F901902D48816925
:10256000019809F0D7F90390584609F08BF90090CB
:1025700028484169009809F0CDF901902548016883
:10258000019808F0C7FF0290039909F0C1FA05907D
:10259000069809F077F901901E484169019809F001
:1025A000B9F90390584609F06DF90090194881690E
:1025B000009809F0AFF9019016484168019808F0B9
:1025C000A9FF0290039908F0A5FF0490049809F070
:1025D00005F90390059809F001F902900146384683
:1025E000039A00F021F807E0069800EB09020BEBD4
:1025F0000801384600F018F800BF641C102CFFF6E4
:1026000070AF761C102EFFF660AF07B0BDE8F08FFC
:1026100058C80008BC19002010B5024800F0CDFFD2
:1026200010BD0000BC150020F0B5054600200026B6
:10263000012300292DDB80292BDA002A29DB402AFF
:1026400027DA1446D71702EB5777C7F3C700D71717
:1026500002EB5777FF10A2EBC707FEB203E05C0660
:10266000230E741EE6B2002EF9DC0A4C04EBC014F3
:10267000645C9C43074F07EBC0177C54002D08DDBA
:10268000044C04EBC014645C1C43024F07EBC017FE
:102690007C54F0BDBC1500202DE9F84F0746894653
:1026A000154698464FF0000B2846FEF70BF800F051
:1026B000FF0A00242CE0285D7F2809DCCDF800808B
:1026C0002A5D102349463846FFF702FE08371DE011
:1026D000285D7F281ADD28194078295D40EA012B02
:1026E000002611E006EB06100B4931F810005845A2
:1026F00008D14346324649463846FFF7D5FE1037E3
:10270000601CC4B2701CC6B2512EEBD3601CC4B2A4
:102710005445D0DBBDE8F88F58C80008F0B5044632
:102720000D461E4600232046114604B9F0BD15E0B3
:10273000AB420AD107782C2F07D0077801F8017B2C
:1027400097197F1E8F4203D80BE0AB4200DD08E0F3
:1027500007782C2F01D15F1CBBB2401C0778002FDB
:10276000E6D100BF00270F7000BFDFE770B5054658
:1027700005EB85000F4901EB401000F15404284699
:10278000216888472846616988472846A1688847A4
:1027900028466169884728466168884728466169F4
:1027A000884728462168884728466169884700206D
:1027B00070BD0000AC28002010B504460A2002F0CD
:1027C00030FB10BD2DE9F04705460E4617469846EA
:1027D000DDF8209005EB8500254901EB401000F164
:1027E000540402F051FD08B9BDE8F08705EB8500FF
:1027F0001F4901EB4010066005EB850001EB40101E
:10280000476005EB850001EB4010C0F8088005EB40
:10281000850001EB4010C0F80C9016482060164867
:1028200060601648A0601648E060164820611648AF
:1028300060611648A0611648E0611648206216489B
:1028400060621648A0621648E06216482063164887
:1028500060631648A0631648E06316482064164873
:1028600060641648A0642846A169884700BFBBE79A
:10287000AC2800200D2C0008352C00085D2C000829
:10288000852C0008AD2C0008B9270008952E0008FB
:10289000412D00088D2D00086D270008C12A000871
:1028A0004D2E0008DD2C00080D2B0008ED2B000834
:1028B000D92D0008712B0008D9290008C12800086B
:1028C0002DE9F05F80460E4615469946DDE90AA7D8
:1028D00008EB88003F4901EB401000F154044FF031
:1028E000000B4046A16988474046216A8847404618
:1028F000E169884710B14FF0FF3B69E006F0FE0147
:102900004046226B90474046E16A884728B14046DE
:10291000216A88476FF0010B5AE0B9F1010F0DD120
:10292000E9B24046226B90474046E16A884708B3C7
:102930004046216A88476FF0020B49E0290A404669
:10294000226B90474046E16A884728B14046216A99
:1029500088476FF0030B3BE0E9B24046226B90479B
:102960004046E16A884728B14046216A88476FF0AF
:10297000040B2DE04046E1698847F0B240F00101C8
:102980004046226B90474046E16A884728B140465E
:10299000216A88476FF0050B1AE011E04046616B31
:1029A00088478AF80000012F03D14046A16A884772
:1029B00002E04046616A88470AF1010A781E87B240
:1029C000002FEBD14046216A88470020BDE8F09FE8
:1029D0005846FBE7AC2800202DE9F05F06460F467D
:1029E00015469846DDE90A9A4FF0000B06EB860083
:1029F000324901EB401000F154043046216A884707
:102A00003046E169884710B14FF0FF3B53E007F0D3
:102A1000FE013046226B90473046E16A884728B174
:102A20003046216A88476FF0010B44E0B8F1010F8E
:102A30000DD1E9B23046226B90473046E16A8847B3
:102A400008B33046216A88476FF0020B33E0290A49
:102A50003046226B90473046E16A884728B13046BD
:102A6000216A88476FF0030B25E0E9B23046226BFC
:102A700090473046E16A884728B13046216A884746
:102A80006FF0040B17E009E099F800103046226B54
:102A900090473046E16A884709F10109BAF1000020
:102AA000AAF101011FFA81FAEED13046216A884766
:102AB0000020BDE8F09F5846FBE70000AC2800204E
:102AC00070B5054605EB85000F4901EB401000F19C
:102AD0005404284621688847284661698847284663
:102AE000E1688847284661698847284661688847C1
:102AF00028466169884728462168884728466169D1
:102B00008847002070BD0000AC2800202DE9F0416E
:102B100006460827002506EB8600144901EB401005
:102B200000F154043046E168884713E06806050E5A
:102B30003046216888473046616988473046616879
:102B4000884730466169884730462169884708B11F
:102B500045F00105381EA7F10101CFB2E6D130469C
:102B6000216888472846BDE8F0810000AC28002095
:102B70002DE9F0410746884616461D4607EB8700BB
:102B8000194901EB401000F154043846E1698847C7
:102B900000B127E008F0FF0040F001013846226B49
:102BA00090473846E16A884718B13846216A884715
:102BB00018E00FE03846616B88473070012D03D173
:102BC0003846A16A884702E03846616A8847761C21
:102BD000681E85B2002DEDD13846216A8847002055
:102BE000BDE8F0810120FBE7AC28002070B5044669
:102BF00004EB8400044901EB401000F15405204629
:102C0000296A8847002070BDAC28002010B5044612
:102C100004EB8402064B03EB4212928991B204EB5F
:102C2000840203EB42129068FFF73FFA002010BDC8
:102C3000AC28002010B5044604EB8402064B03EBDD
:102C40004212928991B204EB840203EB4212906823
:102C5000FFF72DFA002010BDAC28002010B5044667
:102C600004EB8402064B03EB4212928891B204EB10
:102C7000840203EB42121068FFF717FA002010BD20
:102C8000AC28002010B5044604EB8402064B03EB8D
:102C90004212928891B204EB840203EB4212106854
:102CA000FFF705FA002010BDAC28002010B504463F
:102CB00004EB8402084B03EB4212928891B204EBBE
:102CC000840203EB42121068FFF7E6F9012800D1F5
:102CD00010BD0020FCE70000AC2800202DE9F041E9
:102CE00006460D46082706EB8600144901EB401006
:102CF00000F154041AE03046216888473046616983
:102D0000884705F0800018B13046E168884702E046
:102D10003046A16888476806050E304661698847D5
:102D2000304661688847304661698847381EA7F198
:102D30000101CFB2DFD1BDE8F0810000AC28002056
:102D400070B5054605EB85000F4901EB401000F119
:102D500054042846E1688847284661698847284620
:102D6000616888472846616988472846A16888477E
:102D7000284661698847284621688847284661694E
:102D80008847002070BD0000AC28002070B50546C3
:102D900005EB85000F4901EB401000F15404284673
:102DA000216888472846616988472846A16888477E
:102DB00028466169884728466168884728466169CE
:102DC00088472846E1688847284661698847002087
:102DD00070BD0000AC2800202DE9F04106460F46EA
:102DE0001546984606EB8600174901EB401000F1A6
:102DF00054043046E169884700B122E007F0FE0143
:102E00003046226B90473046E16A884718B1304619
:102E1000216A884715E007E029783046226B904701
:102E20003046E16A88476D1CB8F10000A8F1010145
:102E30001FFA81F8F0D13046216A88470020BDE8AA
:102E4000F0810120FBE70000AC28002070B50546AA
:102E500005EB85000E4901EB401000F154042846B3
:102E600021688847284661698847284661688847FD
:102E700028466169884728462169884706462846CA
:102E800021688847284661698847304670BD000040
:102E9000AC28002038B5044600200090012108200D
:102EA00000F030FC14208DF8030004EB8400254969
:102EB00001EB4010808880B2ADF8000003208DF84F
:102EC000020004EB84011F4A02EB411108686946C5
:102ED000FFF70EF814208DF8030004EB8400194965
:102EE00001EB4010808980B2ADF8000003208DF81E
:102EF000020004EB8401134A02EB41118868694621
:102F0000FEF7F6FF04EB84020E4B03EB42129288AD
:102F100091B204EB840203EB42121068FFF7C5F88C
:102F200004EB8402074B03EB4212928991B204EB4B
:102F3000840203EB42129068FFF7B7F8642001F0B7
:102F400065FF38BDAC28002000BFFEE710B5044A7D
:102F50000421044800F092F801200349087010BDD4
:102F6000E53800086C010020680100200348007863
:102F700010B100200149087070470000680100206E
:102F800038B5002400BF54E0002000902A4901EB2E
:102F900004118868012100F0B5FB01212748FFF7E3
:102FA00033F8254800EB04108088ADF800001020AD
:102FB0008DF8030003208DF802001F4901EB041176
:102FC00008686946FEF794FF1B4800EB0410007B7D
:102FD00001280AD1184A02EB04129188164A02EB22
:102FE00004121068FFF763F81EE0134800EB0410AA
:102FF000007B50B9104A02EB041291880E4A02EB92
:1030000004121068FFF751F80EE000200A4901EBA6
:1030100004110873084A02EB04129188064A02EB75
:1030200004121068FFF741F8002005490855601C9C
:10303000C4B2032CA8DB38BDBC0000200002300065
:10304000A800002010B500216B20FEF781FC0721AD
:103050001920FEF77DFC06211A20FEF779FC1821C5
:103060001B20FEF775FC01211C20FEF771FC10BD32
:1030700000BFFEE700487047CC01002003460C4823
:10308000006810B94FF0FF307047094800680069C8
:1030900008B10020F8E706480068036104480068AA
:1030A000017712B102480068C2600020ECE700001E
:1030B000CC01002070B500241F480568006808B9DD
:1030C000601E70BD00F0BAF9041E01D1401EF8E781
:1030D000A97F01EB4101286950F831006060A97FA8
:1030E00001EB4101286900EBC1004068A0600020AD
:1030F00020612077E868E060A97F01EB4101286941
:1031000000EBC10080686061A97F01EB4101286983
:1031100000EBC1000069A0610020A0770120E077EA
:103120002560054804600068406918B102490968D3
:10313000486980470020C4E7CC01002070B50446F0
:1031400020480568006810B94FF0FF3070BD1D4879
:103150000068006810B94FF0FF30F7E719480068C1
:103160000068184908602846FEF7B6FD0025154896
:103170000068006913490968897F01EB410100EB90
:10318000C100C06878B100200E490968C8770D49B0
:10319000096809690B4A1268927F02EB420201EB4F
:1031A000C201C868804707480068406918B10549EE
:1031B0000968486980471CB100200249096888777E
:1031C0000020C3E7CC01002070B505460024164856
:1031D000006808B1601E70BD00201449087000F03E
:1031E0002DF9041E01D1401EF5E700200E4908719B
:1031F000286860606868A06000202060A86860613E
:103200000020E060E868A061002020612077A077BE
:103210006077084604600068406910B10968486931
:1032200080470020D7E70000CC010020D401002017
:1032300001461448006810B94FF0FF30704711483C
:103240000068827F0F480068007F401E824207DAD4
:103250000C480068807F401C0A4A126890770FE093
:1032600021B10020074A1268907709E005480068FC
:10327000007F401E034A126890774FF0FF30DDE771
:103280000020DBE7CC01002001461248006810B99D
:103290004FF0FF3070470F480068807F002807DD3F
:1032A0000C480068807F401E0A4A126890770EE042
:1032B00039B108480068007F401E064A12689077BE
:1032C00005E00020034A12689077401EE2E70020E4
:1032D000E0E70000CC01002030B5ABB03948006811
:1032E00018B94FF0FF302BB030BD36480068006988
:1032F00000285CD033480068056932480068007FC8
:103300008DF804002F480068807F8DF805002D4857
:103310000068407F8DF806002A480079E8B1294806
:10332000006880680290002410E004EB440005EB84
:10333000C000416803A840F8241004EB440005EBEA
:10334000C000416917A840F82410641C9DF80400CF
:10335000A0421EDD142CE8DB1BE01A480068406820
:10336000029000240FE004EB440055F8301003A84D
:1033700040F8241004EB440005EBC000416917A895
:1033800040F82410641C9DF80400A04201DD142CB8
:10339000E9DB0C480068C06820B10A480068C168D1
:1033A00001A888479DF8060006490968487705483E
:1033B0000068806918B1034909688869804700205E
:1033C00091E70000CC0100207047000070B500219B
:1033D00000230F22C47804B3154C246804F4E0647D
:1033E000C4F5E064210AC1F10403CA40447804FA38
:1033F00003F184781440214309010E4C0678A1554D
:10340000047804F01F050124AC4005786D11AD006F
:1034100005F1E025C5F8004109E0047804F01F0536
:103420000124AC40044D0678761145F8264070BD65
:103430000CED00E000E400E080E100E0002007493E
:1034400009780A2909DA0649044A127801EB421080
:1034500002490978491C014A11707047D4010020C3
:10346000581A002070B5002419E004F1B001C8B268
:10347000002100F0BEF80021084600F0BAF8002153
:10348000102000F0B6F8002505E00121002000F032
:10349000B0F8681CC5B2802DF7DB601CC4B2082CE4
:1034A000E3DB70BD10B5142001F0B0FC01F0ECFEC0
:1034B00000B910BD0021AE2000F09BF800210846A5
:1034C00000F097F80021102000F093F80021402030
:1034D00000F08FF80021B02000F08BF8002181204F
:1034E00000F087F80021FF2000F083F80021A120E0
:1034F00000F07FF80021A62000F07BF80021A82032
:1035000000F077F800213F2000F073F80021C82078
:1035100000F06FF80021D32000F06BF8002108467E
:1035200000F067F80021D52000F063F8002180202A
:1035300000F05FF80021D82000F05BF800210520A2
:1035400000F057F80021D92000F053F80021F120B5
:1035500000F04FF80021DA2000F04BF80021122093
:1035600000F047F80021DB2000F043F80021302074
:1035700000F03FF800218D2000F03BF800211420DE
:1035800000F037F80021AF2000F033F800BF90E7DB
:1035900070B504460D4605F1B001C8B2002100F037
:1035A00028F8102141EA1410002100F022F804F05C
:1035B0000F00002100F01DF870BD7CB50546002607
:1035C000002400BF12E021460020FFF7E1FF802128
:1035D000A81901234022CDE9000178210020FFF73E
:1035E000FBF906F1800086B2601CC4B2082CEADB4D
:1035F0007CBD70B505460C461CB1284600F04CFB5E
:1036000002E0284600F033FB70BD000010B5044610
:1036100024B1012C20D0022C5AD13BE02E4800EBE3
:103620000410007B50B92C4A02EB041291882A4AFC
:1036300002EB04121068FEF73AFD09E0264A02EB9D
:1036400004129188244A02EB04121068FEF72DFD43
:103650000120224908703CE01F4800EB0410007B69
:1036600050B91D4A02EB041291881B4A02EB041266
:103670001068FEF71CFD09E0174A02EB041291885E
:10368000154A02EB04121068FEF70FFD01201349E2
:10369000087000BF104800EB0410007B50B90E4AC0
:1036A00002EB041291880C4A02EB04121068FEF738
:1036B000FEFC09E0084A02EB04129188064A02EB7C
:1036C00004121068FEF7F1FC01200449887000E044
:1036D00000BF00BF10BD0000BC000020A8000020FB
:1036E0007047000029B1064AD2690243044BDA61EF
:1036F00004E0034AD2698243014BDA61704700005B
:103700000010024029B1064A92690243044B9A61B3
:1037100004E0034A92698243014B9A6170470000BA
:103720000010024030B500210022002400232D4D5E
:103730006D6805F00C0121B1042905D0082923D1B9
:1037400005E0294D056022E0274D05601FE0254D6D
:103750006D6805F47012234D6D6805F48034022500
:1037600005EB92421CB9214D554305600BE01D4D00
:103770006D6805F400351DB11C4D5543056002E030
:10378000194D5543056002E0174D056000BF00BFAD
:10379000144D6D6805F0F0010909154D6B5C056865
:1037A000DD4045600F4D6D6805F4E061090A104D7C
:1037B0006B5C4568DD4085600A4D6D6805F46051BD
:1037C000C90A0B4D6B5C4568DD40C560054D6D68F1
:1037D00005F44041890B074D6B5CC568B5FBF3F5FB
:1037E000056130BD0010024000127A0000093D0062
:1037F0004800002058000020704710B500F002F883
:1038000010BD00000CB50020019000903348006806
:1038100040F480303149086000BF3048006800F44F
:10382000003000900198401C0190009818B9019850
:10383000B0F5A06FF1D12948006800F4003010B154
:103840000120009001E0002000900098012843D161
:103850002348006840F010002149086008460068CD
:1038600020F0030008600846006840F0020008608D
:103870001A48406819494860084640684860084648
:10388000406840F4806048600846406820F47C103E
:1038900048600846406840F4E81048600846006800
:1038A00040F08070086000BF0C48006800F00070B5
:1038B0000028F9D00948406820F003000749486013
:1038C0000846406840F00200486000BF0348406876
:1038D00000F00C000828F9D10CBD000000100240D7
:1038E0000020024010B50446607810B904F024F9B5
:1038F00010E06078012802D104F06AF80AE06078EC
:10390000022802D104F0FEF804E06078032801D117
:1039100004F0DAF810BD000010B50B480068401C38
:103920000949086003F010FA084801780078401C43
:10393000064A10700A2905DD002011460870044966
:103940008868804710BD00005C00002060000020F7
:103950005801002010B51348006840F001001149DB
:10396000086008464068104908400E49486008460B
:1039700000680E4908400B4908600846006820F4BA
:10398000802008600846406820F4FE0048604FF43C
:103990001F008860FFF731FF4FF0006004490860A6
:1039A00010BD0000001002400000FFF8FFFFF6FE0F
:1039B00008ED00E010B50121880700F009F818B102
:1039C0000121880700F001F810BDCA430282704748
:1039D00030B50246002000230024158A05EA0103C1
:1039E000958905EA010413B10CB1012000E0002023
:1039F00030BD000008B540F22551074800F071F8CD
:103A000048B1054800F028F9C0B20090012269468B
:103A1000024806F08DF808BD00380140640000201F
:103A200070B505460E4600240CE000BF40210A4850
:103A300000F04AF80028F9D0295D074800F011F994
:103A4000601C84B2B442F0DB00BF4021024800F0A9
:103A50003BF80028F9D070BD0038014008B540F2AD
:103A60002551074800F03DF848B1054800F0F4F84A
:103A7000C0B2009001226946024806F059F808BD1C
:103A8000004400407800002008B540F22551074866
:103A900000F027F840B1054800F0DEF8C0B2009011
:103AA0000121684603F09AF808BD00000048004074
:103AB00021B1828942F40052828104E082894DF66C
:103AC000FF731A408281704702460020B1F5007FE3
:103AD00000D100BF13880B400BB1012000E0002093
:103AE000704770B50246002400230025002040F6F0
:103AF0006A16B14200D100BFC1F3421501F01F03A5
:103B0000012606FA03F3012D02D19689334006E01F
:103B1000022D02D1168A334001E0968A33400C12FE
:103B2000012606FA04F41688344013B10CB10120C2
:103B300000E0002070BDF0B50346002400260025FB
:103B4000002040F66A17B94200D100BF1846C1F301
:103B5000421401F01F06012707FA06F5012C01D1D6
:103B60000C3004E0022C01D1103000E014301AB106
:103B700007682F43076002E00768AF430760F0BDA6
:103B80002DE9F04786B005460E460024A24600BF48
:103B9000A1460027B08900B100BF2F462C8A4CF601
:103BA000FF700440F08804432C82AC894EF6F31079
:103BB0000440B08831890843718908430443AC81CB
:103BC000AC8A4FF6FF400440B0890443AC8201A8A0
:103BD000FFF7A8FD1F48874202D1DDF810A001E0E1
:103BE000DDF80CA0A88900F4004040B10AEBCA003F
:103BF00000EB0A1031684900B0FBF1F807E00AEB6E
:103C0000CA0000EB0A1031688900B0FBF1F86420AB
:103C1000B8FBF0F004012009642101FB1089A88998
:103C200000F4004040B1322000EBC900B0FBF1F0DD
:103C300000F00700044308E0322000EB0910642183
:103C4000B0FBF1F000F00F0004432C8106B0BDE89A
:103C5000F08700000038014001468888C0F3080062
:103C60007047C1F308028280704700BFFEE73EB58F
:103C70000446002002908DF808008DF809400121CB
:103C80000DF10900CDE900019DF808200B467821CF
:103C90000020FEF7A1FE3EBD3EB504460020029086
:103CA00040208DF808008DF8094001210DF1090030
:103CB000CDE900019DF808200B4678210020FEF791
:103CC0008BFE3EBD490050EAC12018BF04204A0DBA
:103CD00018BF40F0010040F2FF72B2EB515F08BF25
:103CE00040F00200012808BF052070472DE9F74F7A
:103CF000144694B00021C4E902111599079121F0EE
:103D00000045C9498D4206DC1599C4E9000117B088
:103D10000020BDE8F08FC549DFF814A3A9423CDDBF
:103D20000799C44E0029C44FC44A1599534619DD5A
:103D300007F0DAFA554506D0C14AC24B07F0D4FA6B
:103D4000C4E900010AE04FF0D352BE4B07F0CCFAB1
:103D500032463B4607F0C8FAC4E9000117B001201B
:103D6000BDE8F08F06F048FD554506D0B44AB54B86
:103D700006F042FDC4E900010AE04FF0D352B14B16
:103D800006F03AFD32463B4606F036FDC4E9000136
:103D900017B04FF0FF30BDE8F08FAB49A94215993D
:103DA00078DB21F0004183468846A84AA84B06F0FC
:103DB000CDFF0022A74B06F01FFD06F031FF099052
:103DC00006F05DFF06460F469C4A534606F0BEFFCE
:103DD00043465A4607F096F980468A46984A994BD8
:103DE0003046394606F0B2FF2A0D01250B924246B5
:103DF000534607F087F9032DC4E9000139D00B9829
:103E0000C1F30A51401A05EB45111139814230DAEC
:103E10009148C346784400EB0510CDF80CA00C90F7
:103E2000D0E900233046394606F090FF02460B46A3
:103E3000049106905846039907F056FA80468A4640
:103E400002460B465846039907F04EFA049B069A21
:103E500007F04AFA83460C9803913946D0E90223C9
:103E6000304606F073FF5A46039B07F03DFA6D1C7F
:103E7000BDE707980028A2BF099817B0BDE8F08FEA
:103E8000616881F000416160099817B04042BDE867
:103E9000F08FFFE784461598C1F31301C0F30A5071
:103EA000A0F2F5304FEA601800F01F06C6F12000BE
:103EB000139000200690079041F4801E05206D4667
:103EC00076B1664A08EB00017A4452F8213002EBE1
:103ED0008101B3404A68139922FA01F1194305E0C0
:103EE0005F4908EB0002794451F82210A1FB0E272C
:103EF000A1FB0C131A449A4234BF0123002303EBA5
:103F0000070A05EB8003D3E901B70F448F4234BFA2
:103F10000121002193448B4411B1934502D903E060
:103F2000934501D2012100E00021C3E901B75144CA
:103F300045F82010011EA0F10100C1DC0298059F88
:103F400000F10050800F12900298DDE903568000C6
:103F500006F095FE834628460D9106F0A7FE6FF009
:103F60001D0207F07EFECDE90E01304606F09EFEF2
:103F70006FF03D0207F075FE80468A46384606F02F
:103F800095FE6FF05D0207F06CFE07464246534611
:103F9000119106F031FCDDE90E2306F02DFC5A46A6
:103FA0000D9B06F029FC00250E465A4628460D9B1F
:103FB00007F09AF9DDE90E2307F096F942465346D9
:103FC00007F092F93A46119B07F09CF8DFF898A0A9
:103FD000244A534606F0BAFE07468846234A244B35
:103FE0003146284606F0B2FE3A46434606F004FC47
:103FF000074688464FF0A84253463146284606F009
:10400000A5FE3A46434606F0F7FB159A12F0004F1C
:1040100004D0129A81F0004152421292C4E9000188
:10402000129817B0BDE8F08FFB21E93F7CD9024020
:10403000FB21F93F7370032E8A19A33B0000405403
:104040003163621A61B4D03DFB21394183C8C96D27
:10405000305FE43F0000E03F009900007C980000E2
:104060005E980000182D4454FB21F93D3326A6111B
:10407000460B113C2DE9FF4D21F0004807460C4648
:10408000B8F1795F08DA06F0CBFD002801BF002007
:10409000324904B0BDE8F08D3A4623461046194631
:1040A00006F054FE054602462D480E460B460621F4
:1040B000784400F05DF82A46334606F047FEDDE915
:1040C000022382468B463846214606F03FFE0446D0
:1040D0000F4652465B462846314606F037FE2246DA
:1040E0003B4607F001F907468A464FF0FF32284663
:1040F000314607F0B6FD1B4A90450ADA3A46534668
:1041000007F0F2F804B00022BDE8F04D134B06F0C2
:10411000F9BF154A4245A8BFA8F500154FF00004A5
:10412000B8BF124D22462B4607F0DEF806468846F9
:1041300022462B460020094907F0D6F804460D46D2
:104140003A4653463046414607F0CEF804B0224680
:104150002B46BDE8F04D06F0D5BF00000000F03F53
:104160002C9600003333D33F0000E93F0000D23FDC
:104170002DE9F0414F1E00EBC7010446D1E90001D3
:1041800015461E4637F006020DD02A46334606F085
:10419000DDFD7F1E04EBC703D3E9002306F02CFBF3
:1041A00037F00602F1D1022F25D0042F13D0062FAD
:1041B00018BFBDE8F0812A46334606F0C7FDD4E9B2
:1041C0000A2306F019FB2A46334606F0BFFDD4E960
:1041D000082306F011FB2A46334606F0B7FDD4E962
:1041E000062306F009FB2A46334606F0AFFDD4E964
:1041F000042306F001FB2A46334606F0A7FDD4E966
:10420000022306F0F9FA2A46334606F09FFDD4E968
:104210000023BDE8F04106F0EFBA00002DE9FF4DA4
:10422000054621F0004084B00C46B0F1795F0BDA0E
:104230002846FFF747FD042808BF00F07FF828460E
:1042400008B02146BDE8F08D2A460B46104606F020
:104250007DFD06460F462A46234606F077FD80463A
:1042600026488A4632463B4605217844FFF780FFC0
:1042700083461098029160B3214A224B4046514632
:1042800006F064FDCDE900015A4640465146029BC6
:1042900006F05CFD82468846DDE906014FF0FF32FC
:1042A00007F0DFFC5246434607F01EF832463B4615
:1042B00006F04CFDDDE9062307F016F8DDE90023E2
:1042C00007F012F808B02A462346BDE8F04D06F084
:1042D00019BF0B465A463046394606F037FD084AA4
:1042E000084B06F089FA4246534606F02FFD08B007
:1042F0002A462346BDE8F04D06F07EBA72950000CE
:10430000495555555555C5BF00221346104601491C
:1043100006F02EBB0000F03F012207F0A2BC06F021
:104320006BBA002213461046114606F021BB40F23C
:10433000013200204FF0E04107F093BC024A002018
:10434000110707F08EBC000001FDFFFF30380A287E
:1043500001D2012070470020704700BF70472DE94F
:10436000FF4F9FB083460F469046DBF80490DBF882
:1043700008001E90BBF800000C90DBF804100C98AD
:10438000401E01EB80052298C0080A905AE301CF35
:1043900001C501CF01C501CF01C501CF01C5002075
:1043A0001D901C901B901A901990189017901690C1
:1043B0004C461E9E01CF01C501CF01C501CF01C5ED
:1043C00001CF01C501CC159001CC149001CC139004
:1043D00001CC129001CC119001CC109001CC0F9027
:1043E0000C984FEAD00AA1E201CE0D9001CC0E90BC
:1043F0000D99159807F08EFA09900D99149807F009
:1044000089FA08900D99139807F084FA07900D998E
:10441000129807F07FFA06900D99119807F07AFA32
:1044200005900D99109807F075FA04900D990F9862
:1044300007F070FA0390DDE90D1007F06BFA0290B7
:1044400001CE0D9001CC159009991D9807F062F8E6
:104450001D9008991C9807F05DF81C9007991B980F
:1044600007F058F81B9006991A9807F053F81A901D
:104470000599199807F04EF819900499189807F0C3
:1044800049F818900399179807F044F81790029983
:10449000169807F03FF816900D99149807F03AFA1D
:1044A00009900D99139807F035FA08900D99129814
:1044B00007F030FA07900D99119807F02BFA069043
:1044C0000D99109807F026FA05900D990F9807F0AE
:1044D00021FA0490DDE90D1007F01CFA03900D9904
:1044E000159807F017FA029001CE0D9001CC1490A8
:1044F00009991D9807F00EF81D9008991C9807F06F
:1045000009F81C9007991B9807F004F81B9006996E
:104510001A9806F0FFFF1A900599199806F0FAFF0D
:1045200019900499189806F0F5FF189003991798B8
:1045300006F0F0FF17900299169806F0EBFF169020
:104540000D99139807F0E6F909900D99129807F064
:10455000E1F908900D99119807F0DCF907900D9991
:10456000109807F0D7F906900D990F9807F0D2F937
:104570000590DDE90D1007F0CDF904900D9915981F
:1045800007F0C8F903900D99149807F0C3F9029049
:1045900001CE0D9001CC139009991D9806F0BAFF39
:1045A0001D9008991C9806F0B5FF1C9007991B9860
:1045B00006F0B0FF1B9006991A9806F0ABFF1A9010
:1045C0000599199806F0A6FF19900499189806F015
:1045D000A1FF18900399179806F09CFF1790029975
:1045E000169806F097FF16900D99129807F092F919
:1045F00009900D99119807F08DF908900D99109870
:1046000007F088F907900D990F9807F083F9069045
:10461000DDE90D1007F07EF905900D99159807F06A
:1046200079F904900D99149807F074F903900D9995
:10463000139807F06FF9029001CE0D9001CC129003
:1046400009991D9806F066FF1D9008991C9806F0C0
:1046500061FF1C9007991B9806F05CFF1B90069960
:104660001A9806F057FF1A900599199806F052FF0C
:1046700019900499189806F04DFF1890039917980F
:1046800006F048FF17900299169806F043FF16901F
:104690000D99119807F03EF909900D99109807F0BF
:1046A00039F908900D990F9807F034F90790DDE972
:1046B0000D1007F02FF906900D99159807F02AF9BB
:1046C00005900D99149807F025F904900D99139809
:1046D00007F020F903900D99129807F01BF902904A
:1046E00001CE0D9001CC119009991D9806F012FF92
:1046F0001D9008991C9806F00DFF1C9007991B98B7
:1047000006F008FF1B9006991A9806F003FF1A900E
:104710000599199806F0FEFE19900499189806F06C
:10472000F9FE18900399179806F0F4FE1790029975
:10473000169806F0EFFE16900D99109807F0EAF81B
:1047400009900D990F9807F0E5F80890DDE90D1034
:1047500007F0E0F807900D99159807F0DBF8069040
:104760000D99149807F0D6F805900D99139807F055
:10477000D1F804900D99129807F0CCF803900D9998
:10478000119807F0C7F8029001CE0D9001CC10905F
:1047900009991D9806F0BEFE1D9008991C9806F018
:1047A000B9FE1C9007991B9806F0B4FE1B90069961
:1047B0001A9806F0AFFE1A900599199806F0AAFE0D
:1047C00019900499189806F0A5FE18900399179867
:1047D00006F0A0FE17900299169806F09BFE169020
:1047E0000D990F9807F096F80990DDE90D1007F084
:1047F00091F808900D99159807F08CF807900D998D
:10480000149807F087F806900D99139807F082F82E
:1048100005900D99129807F07DF804900D99119864
:1048200007F078F803900D99109807F073F802904C
:1048300001CE0D9001CC0F9009991D9806F06AFEEB
:104840001D9008991C9806F065FE1C9007991B980E
:1048500006F060FE1B9006991A9806F05BFE1A900F
:104860000599199806F056FE19900499189806F0C3
:1048700051FE18900399179806F04CFE1790029974
:10488000169806F047FE1690DDE90D1007F042F885
:1048900009900D99159807F03DF808900D99149816
:1048A00007F038F807900D99139807F033F8069041
:1048B0000D99129807F02EF805900D99119807F0B0
:1048C00029F804900D99109807F024F803900D9999
:1048D0000F9807F01FF80290AAF1010A09991D9894
:1048E00006F018FE1D9008991C9806F013FE1C9007
:1048F00007991B9806F00EFE1B9006991A9806F071
:1049000009FE1A900599199806F004FE1990049969
:10491000189806F0FFFD18900399179806F0FAFD15
:1049200017900299169806F0F5FD1690BAF1000F4F
:104930007FF45AAD0C9800F0070A63E001CE0D90A9
:1049400001CC0E900D99159806F0E4FF09900D9991
:10495000149806F0DFFF08900D99139806F0DAFF1F
:1049600007900D99129806F0D5FF06900D991198B1
:1049700006F0D0FF05900D99109806F0CBFF04903B
:104980000D990F9806F0C6FF0390DDE90D1006F0B3
:10499000C1FF0290149815901398149012981390D8
:1049A00011981290109811900F9810900E980F90E7
:1049B00009991D9806F0AEFD1D9008991C9806F007
:1049C000A9FD1C9007991B9806F0A4FD1B90069961
:1049D0001A9806F09FFD1A900599199806F09AFD0D
:1049E00019900499189806F095FD18900399179856
:1049F00006F090FD17900299169806F08BFD169020
:104A0000AAF1010ABAF1000F98D109F120091D9805
:104A100048F8040B1C9848F8040B1B9848F8040B42
:104A20001A9848F8040B199848F8040B189848F895
:104A3000040B179848F8040B169848F8040B0A98CA
:104A4000401E0A900A9800287FF4A1AC229800F03A
:104A500007000A901FE001CF01C500201D904C46C1
:104A60001E9E0C980B9000BF02CE01CC06F052FFA8
:104A700001901D9906F04EFD1D900B98401E0B9065
:104A80000B980028F0D11D9848F8040B09F104098F
:104A90000A98401E0A900A980028DCD1DBF80450DE
:104AA0000C98401E4FEA900A0DE059F8040B01C51E
:104AB00059F8040B01C559F8040B01C559F8040B4A
:104AC00001C5AAF1010ABAF1000FEED10C98401EFF
:104AD00000F0030A04E059F8040B01C5AAF1010A29
:104AE000BAF1000FF7D123B0BDE8F08F2DE9F04106
:104AF00004460D4617461E46DDF818802580A7603F
:104B0000A8F10100284481003046FBF7A4FE66604E
:104B1000BDE8F08102460021002001B907E001F064
:104B200007030BB9C80802E0012303EBD10070476B
:104B300010B500F04BF838B914210548FBF78BFE8F
:104B400000F008F800F01EF803F0DEF810BD0000D9
:104B5000EC290020C820074948705A2008705520C9
:104B600088702420C870084603A30ECB001D0EC019
:104B700070470000EC2900203136363735313835A2
:104B80003734340010B510220A494FF0FF3000F0DE
:104B900007F9084908611422074805F013FC14229C
:104BA0000649054805F0D6FB0446214604A0FBF75C
:104BB0008DFB10BDEC29002000F80008002A002021
:104BC000726573203D2025640D0A000010B5142283
:104BD00009490A4805F0BEFB102207494FF0FF3093
:104BE00000F0DEF8044604480069A04201D000202D
:104BF00010BD0120FCE70000EC29002000F80008AF
:104C000070B505460026002480222149214804F081
:104C10005EFFC6B2002E01DC002070BD002433E030
:104C20001B48005D0D2803D01948005D0A2816D1E5
:104C300029461948FBF708FD20B1002017490860F4
:104C40000120EAE70020144908701449086010495F
:104C5000601C085C0A2815D1601CC4B212E00F4821
:104C60000068FF280ED20A48015D0C4802680068FF
:104C7000401C0A4B186008488154002006491A4617
:104C800012688854601CC4B2B442C9DB0020C4E777
:104C9000BC140020640000203C15002064010020AA
:104CA00010B505F0BDFB05494968401AB0F5FA6F2B
:104CB00001D9012010BD0020FCE700009C1100205C
:104CC00070B504462546EA7EC2F34301A87E03F090
:104CD0004DFE70BD70B5044600262546AA7E02EB47
:104CE0004202074B03EB82029188AA7E02EB42024A
:104CF00053F82200FDF7D0F90646304670BD00009B
:104D00001C01002000B5244B21F0004287B09A42DC
:104D1000DCBF0022134629DD204B9A4208D140B95E
:104D20004FF00100FBF737FEFFF7FBFA07B000BDBD
:104D300003DBFFF7F1FA07B000BD02AAFEF7D6FFCA
:104D400010F0030104BF0DF1080C9CE80F000DD01A
:104D5000012001290ED0022914D00DF1080C009079
:104D60009CE80F00FFF75AFA07B000BDFFF782F981
:104D700007B000BD0DF1080C00909CE80F00FFF794
:104D80004DFA05E00DF1080C9CE80F00FFF772F9F1
:104D900007B081F0004100BDFB21E93F0000F07F3A
:104DA000F0B503460024184615E00F5D784008254D
:104DB0000DE000F0010CCCF10006DFF820C006EA9F
:104DC0000C0C8CEA5000A5F1010C0CF0FF05002D35
:104DD000EFDC641C521E002AE7D1F0BD2083B8ED41
:104DE000014681F0A530704706484FF0E021486148
:104DF000FF200549087000204FF0E021886107205E
:104E0000086170473F19010023ED00E000B501463D
:104E100005F006FB421800BF05F002FB9042FBD3F1
:104E200000BDF0B5034600224FF0E026746903FB95
:104E300004F64FF47A77B6FBF7F54FF0E026B16948
:104E400010E04FF0E026B06988420BD0884202D2D1
:104E50000E1A324402E0261A0E4432440146AA4297
:104E600000D300E0EDE700BFF0BD01B581B0002048
:104E70000090694601AA5078087010784870BDF813
:104E800000000CBD0146080601F47F4240EA022002
:104E900001F47F0240EA122040EA116070470000EE
:104EA00070B500269148046891480078401EC5B24C
:104EB00016E1E07E4009002809DDA089401CA081A0
:104EC000A0894FF6FF71884201DB208BA081E07E34
:104ED000400920B1012822D002281FD1CEE00120B4
:104EE000A84084490968084098B10020A081E08169
:104EF00000BFE07E20F01E00E076A06810B12046E2
:104F0000A168884700BFE07E20F0E0002030E07616
:104F100004E0E07E20F01E001630E076D6E00120AE
:104F2000A84074490968084000285FD0E08900283B
:104F30001DDDA089218A884218DD00BFE089032891
:104F400001DAE08900E00320E17E60F34401E176CC
:104F5000A06810B12046A168884700BFE07E20F01D
:104F6000E0002030E0760020A081E08185E0A0898B
:104F7000218B884210DBE07EC0F3430008287CD000
:104F800000BFE07E20F01E001030E076A06810B177
:104F90002046A168884770E0A089E18A884210DB3A
:104FA000E07EC0F34300062867D000BFE07E20F01B
:104FB0001E000C30E076A06810B12046A16888473A
:104FC0005BE0A089A18A884257DBE07EC0F3430002
:104FD000042852D000BFE07E20F01E000830E076AA
:104FE000A06810B12046A168884746E0A089218BBF
:104FF000884210DB00BFE07E20F01E001230E07619
:10500000A06810B12046A168884700BFE07E20F06C
:10501000E000E07631E0A089E18A884210DB00BF41
:10502000E07E20F01E000E30E076A06810B1204631
:10503000A168884700BFE07E20F0E000E0761CE039
:10504000A089A18A884210DB00BFE07E20F01E000C
:105050000A30E076A06810B12046A168884700BFFA
:10506000E07E20F0E000E07607E0E07E20F0E00067
:105070004030E076E089401CE08127E00120A84034
:105080001C490968084038B1E07E20F0E00020307B
:10509000E0760020A08118E0A089218A884214DDF2
:1050A00000BFE089032801DAE08900E00320E17E07
:1050B00060F34401E176A06810B12046A1688847FA
:1050C00000BFE07E20F0E000E07600BF00BFE07EA1
:1050D0004009002801DD701CC6B22468681EC5B2F4
:1050E000002C7FF4E6AE304670BD00009802002030
:1050F000A4020020A002002070B500260C4804681D
:105100000C480078401EC5B207E020466168884719
:10511000A84006432468681EC5B214B16068002820
:10512000F3D1F0430449096848400449086070BD60
:1051300098020020A40200209C020020A00200206F
:1051400001461C48026819B11B480078202802D982
:105150004FF0FF30704705E08A4202D14FF0FF3038
:10516000F8E71268002AF7D1124800680860C87E84
:1051700020F0E000C876C87E20F01E001630C87609
:1051800000208881C8810F2008820A480160C87EFB
:1051900000F00100084B1B789840084B1B6818432F
:1051A000064B186004480078401C034B18701846E2
:1051B0000078CFE798020020A40200209C02002083
:1051C00010B500F061F808B9002010BDFFF794FF9A
:1051D000FFF766FEF9E7000070B514461D460E465F
:1051E000002814BF01210021314321F00041C1F109
:1051F0007F6101F1E041C90F16D1002C14BF0121DC
:105200000021294321F00041C1F17F6101F1E0411A
:10521000C90F09D11449B1EB460F08BF00281CD0B3
:10522000690008BF002C18D0314605F087FE024601
:1052300040F2FF7030EA11500DD0F017B0EBE17F73
:1052400009D0084665F31E0084460B462046614699
:1052500005F058FF0246104670BD0120FBF79BFB8E
:10526000BDE87040FFF75DB80000E0FF00BF054AF1
:10527000128802F04002002AF9D0C2B2014B1B1D75
:105280001A807047004400400148007870470000D1
:10529000AA0200200148007A70470000A0280020E0
:1052A000024612B102F0070028B9082901D80020EF
:1052B00070470120FCE702F00700C0F108008842B7
:1052C00001D30020F4E70120F2E730B502460B4697
:1052D0000021002400250AB9481E30BD002108E045
:1052E000545C581A401E155C5554581A401E1454EC
:1052F000491CB1EB530FF3D30020EEE72DE9F04149
:1053000004460D460027002604B135B994A0FAF7EB
:10531000DDFF4FF0FF30BDE8F08100F06BFC06468A
:105320002878217888420CD097A0FAF7CFFF9C48C4
:1053300090F8F80320F00100401C994981F8F80327
:1053400001276878617888420CD096A0FAF7BEFFF2
:10535000934890F8F80320F00200801C904981F8EF
:10536000F8030127A878A17888420CD093A0FAF717
:10537000ADFF8B4890F8F80320F00400001D884929
:1053800081F8F8030127E878E17888420CD091A0F1
:10539000FAF79CFF824890F8F80320F008000830E4
:1053A0007F4981F8F80301272869216988420CD0D8
:1053B0008FA0FAF78BFF7A4890F8F80320F080006E
:1053C0008030774981F8F80301276869616988426C
:1053D0000CD08DA0FAF77AFF714890F8F90320F00D
:1053E0000100401C6E4981F8F9030127A869A169F1
:1053F00088420CD08AA0FAF769FF694890F8F9034F
:1054000020F00200801C664981F8F9030127E86951
:10541000E16988420CD088A0FAF758FF604890F8FC
:10542000F90320F00400001D5D4981F8F90301270C
:105430000C2204F1280105F12800FBF717F960B1EF
:1054400083A0FAF743FF564890F8F90320F02000B4
:105450002030534981F8F903012768686168884260
:1054600013D080480068301A41F2707188420CD322
:105470007DA0FAF72BFF4A4890F8F80320F01000BF
:105480001030474981F8F8030127A868A1688842CD
:1054900013D074480068301A41F2707188420CD3FE
:1054A00077A0FAF713FF3E4890F8F80320F02000A9
:1054B00020303B4981F8F8030127E868E168884219
:1054C00013D068480068301A41F2707188420CD3DA
:1054D00071A0FAF7FBFE324890F8F80320F0400084
:1054E00040302F4981F8F8030127216A286A06F025
:1054F00041F913D05B480068301A41F2707188425C
:105500000CD36AA0FAF7E2FE254890F8F90320F0E0
:1055100008000830224981F8F9030127616A686AA6
:1055200006F028F913D04F480068301A41F2707124
:1055300088420CD362A0FAF7C9FE194890F8F90323
:1055400020F010001030164981F8F9030127012FCF
:1055500003D100F04FFB434908603846DBE600000A
:1055600067697A436865636B5265706F7274204532
:1055700072726F72202C20496C6C6567616C2050D0
:105580006172616D0A00000076616C756566616C20
:105590006C537461204368616E6765640A000000A3
:1055A000CC1B002076616C756578696E6C765374DF
:1055B00061204368616E6765640A000076616C75FE
:1055C0006574656D70537461204368616E676564CE
:1055D0000A00000076616C756578756579616E67A3
:1055E000537461204368616E6765640A00000000BF
:1055F00076616C756554454D505F4D415820436848
:10560000616E6765640A000076616C756548525F7B
:105610004D4158204368616E6765640A00000000D0
:1056200076616C756548525F4D494E204368616EE6
:105630006765640A0000000076616C756553514F20
:10564000325F4D494E204368616E6765640A000011
:1056500076616C756550484F4E45204368616E67B2
:1056600065640A008802002076616C756578696E51
:105670007469616F204368616E6765640A000000A9
:1056800076616C756578756579616E6720436861D0
:105690006E6765640A00000076616C7565746977F1
:1056A000656E204368616E6765640A0076616C759B
:1056B000656C6174204368616E6765640A00000070
:1056C00076616C75656C6F6E204368616E676564AA
:1056D0000A0000002DE9F04389B006460C46174643
:1056E0004FF00008C1460025202101A8FBF7B3F8C0
:1056F0003088ADF804000EB104B13FB947A0FAF705
:10570000E5FD4FF0FF3009B0BDE8F083022101A8AC
:10571000FFF7DBFDB0F1FF3F05D14BA0FAF7D6FD57
:105720004FF0FF30EFE701A8FFF7F4F9804608F1EA
:10573000020005449DF804000121B1EBD01F11D1F6
:1057400011212278601C81542078401C2070715DEA
:105750008DF80A106D1C9DF80A200021012001F02F
:1057600039FB38619DF8050000F0010088B1122175
:105770002278601C81542078401C2070715D8DF867
:105780000B106D1C9DF80B207821012001F022FBED
:1057900078619DF80500C0F3400088B1132122789C
:1057A000601C81542078401C2070715D8DF80C10B5
:1057B0006D1C9DF80C200021012001F00BFBB8614D
:1057C0009DF80500C0F3800088B114212278601C88
:1057D00081542078401C2070715D8DF80D106D1C77
:1057E0009DF80D200021012001F0F4FAF8619DF8E8
:1057F0000500C0F3401070B115212278601C81545F
:105800002078401C207070190168B9624168F96203
:10581000806838630C35002075E7000067697A44BA
:10582000617461506F696E74324576656E7420459F
:1058300072726F72202C20496C6C6567616C20500D
:105840006172616D0A00000067697A427974654F80
:105850007264657245786368616E6765204572722F
:105860006F720A002DE9F04790B005460F4690464A
:105870004FF0000900260024202101A8FAF7EBFFD1
:105880009548B0F8F803ADF80400022101A8FFF72D
:105890001CFDA41C05B13FB990A0FAF717FD4FF00D
:1058A000FF3010B0BDE8F0878B4890F8F80300F0A7
:1058B000010038B12B7801A802190121304601F00E
:1058C0004BFA761C844890F8F803C0F3400038B1D6
:1058D0006B7801A802190121304601F03DFA761CCF
:1058E0007D4890F8F803C0F3800038B1AB7801A888
:1058F00002190121304601F02FFA761C764890F803
:10590000F803C0F3C00038B1EB7801A802190121F7
:10591000304601F021FA761C16B94FF0000908E074
:1059200006F0070010B94FEAD60902E0012000EBAB
:10593000D609B9F1010F04D901A908194946FFF7A1
:10594000C4FC4C44644890F8F803C0F3001060B104
:105950006A680021012001F043FAC0B28DF82500E9
:1059600001A89DF825100155641C5B4890F8F803C8
:10597000C0F3401060B1AA680021012001F030FAA4
:10598000C0B28DF8260001A89DF826100155641CB0
:10599000514890F8F803C0F3801060B1EA68002124
:1059A000012001F01DFAC0B28DF8270001A89DF872
:1059B00027100155641C484890F8F803C00960B1ED
:1059C0002A690021012001F00BFAC0B28DF82800ED
:1059D00001A89DF828100155641C3F4890F8F90370
:1059E00000F0010060B16A697821012001F0F8F946
:1059F000C0B28DF8290001A89DF829100155641C3A
:105A0000354890F8F903C0F3400060B1AA6900215D
:105A1000012001F0E5F9C0B28DF82A0001A89DF837
:105A20002A100155641C2C4890F8F903C0F380003B
:105A300060B1EA690021012001F0D2F9C0B28DF80D
:105A40002B0001A89DF82B100155641C224890F8EA
:105A5000F903C0F3C00068B12A6A00212B4801F0A5
:105A6000C6F98246FFF70EFA0B9001A820440B9965
:105A70000160241D184890F8F903C0F3001068B1C4
:105A80006A6A0021214801F0B2F98246FFF7FAF96B
:105A90000C9001A820440C990160241D0E4890F838
:105AA000F903C0F3401040B101A82044A96A016085
:105AB000E96A4160296B81600C3407480021A0F835
:105AC000F813C8F8004001A93846D8F80020FAF7C2
:105AD00021FE0020E5E60000CC1B002067697A4427
:105AE000617461506F696E7473325265706F727455
:105AF00044617461204572726F72202C20496C6C75
:105B00006567616C20506172616D0A000AD7233CA1
:105B100070B5054600F06EF8044600262549284673
:105B2000FFF7ECFB012817D123A0FAF7CFFB214A9E
:105B3000383AA2F11E012846FFF794FE38B92448EE
:105B400000F2FA31D0F81824142001F081F8342240
:105B500029461848FAF7DEFD1E48B4FBF0F100FBB9
:105B6000114018BB1C480068A0421FD01BA0FAF7C8
:105B7000ADFBFF2202210F485838FAF742FE0D4ACA
:105B8000383AA2F11E012846FFF76CFE38B91048DA
:105B900000F2FA31D0F81824142001F059F8342218
:105BA00029460448FAF7B6FD0B4804603046FAF778
:105BB00066FB70BD1C2000206368616E6765642C05
:105BC000207265706F727420646174610A00000055
:105BD000CC1B0020C02709008C020020496E666F94
:105BE0003A2036303053207265706F7274206461D1
:105BF00074610A00014800687047000080020020BC
:105C000010B5174890F86902012827D1144890F878
:105C1000680202281DDAFFF7EDFF1149D1F8981349
:105C2000401AC8281AD9FFF7E5FF04460C4890F837
:105C300068322146D0F898230AA0FAF747FB00F013
:105C400021FF074890F86802401C054981F8680266
:105C500004E04FF49A710D48FAF7FDFD10BD000005
:105C6000CC1B00205761726E696E673A67697A5083
:105C7000726F746F636F6C526573656E64446174A8
:105C8000612025642025642025640A00341E00203C
:105C90003EB50446002524B913A0FAF717FB681E89
:105CA0003EBD20680090606801909DF80400401C93
:105CB000C0B28DF804000520FFF7D7F8ADF8020058
:105CC0000921684600F01EFF8DF80800092168468A
:105CD00004F052FC0546002D03DA29460DA0FAF720
:105CE000F5FA2846DCE700004552523A2067697A07
:105CF00050726F746F636F6C436F6D6D6F6E416345
:105D00006B206461746120697320656D7074792003
:105D10000A0000004552523A207561727420777271
:105D2000697465206572726F72202564200A000014
:105D3000FEB504460E46002524B914A0FAF7C6FAAB
:105D4000681EFEBD684600F003FA12208DF80400BC
:105D500060798DF805000620FFF787F8ADF802009E
:105D60008DF808600A21684600F0CCFE8DF8090025
:105D70000A21684604F000FC0546002D03DA294696
:105D80000DA0FAF7A3FA2846DBE7000067697A500E
:105D9000726F746F636F6C4572726F72436D6420C3
:105DA0004572726F72202C20496C6C6567616C20A3
:105DB000506172616D0A00004552523A207561725D
:105DC00074207772697465206572726F7220256421
:105DD000200A000030B59DB0044600252CB92BA048
:105DE000FAF774FA681E1DB030BD684600F0B0F9CD
:105DF00002208DF8040060798DF805002FA103C9F9
:105E0000CDE9020130A103C9CDE9040131A103C9E3
:105E1000CDE9080132A103C9CDE90601202233A151
:105E20000AA8FAF7BCFC202239A10DF15200FAF7BA
:105E300071FC0020CDF84A00CDF84E009DF85100CD
:105E40008DF851009DF8510040F002018DF851107D
:105E50000020FFF70AF8ADF848006F20FFF705F8BB
:105E6000ADF802007321684600F04CFE8DF8720018
:105E70007321684604F080FB0546002D03DA2946AD
:105E80002CA0FAF723FA2846ADE7000067697A509C
:105E9000726F746F636F6C47657444657669636590
:105EA000496E666F204572726F72202C20496C6CAF
:105EB0006567616C20506172616D0A00303030306E
:105EC000303030340000000030303030303030328C
:105ED000000000003033303330303030000000003C
:105EE0003033303130313030000000006262313404
:105EF000633839323864363534366266383631398B
:105F00003731396539386464636433340000000024
:105F10006535613665613231373161343438653821
:105F2000613961303731393864363964393635652D
:105F3000000000004552523A207561727420777259
:105F4000697465206572726F72202564200A0000F2
:105F50002DE9FE4F80460E4617464FF0000B0020FD
:105F6000029081468246002534460090B8F1000F29
:105F700001D006B137B956A0FAF7A8F94FF0FF30B3
:105F8000BDE8FE8F404603F00BFE1FFA80FABAF11F
:105F9000000F02D14FF0FF30F2E74FF000096AE046
:105FA000012201A9404603F038FE8346BBF1000FF1
:105FB0005FD053480078FF281FD19DF80400FF28C8
:105FC0001BD15048007848B9FF2020706070022033
:105FD0004D49088001204B49087041E04A4800883B
:105FE00004283DDD48480088A84239D0FF202070B1
:105FF000607002204449088032E041480078FF2860
:1060000003D19DF8040055282AD03E480078012885
:1060100026D19DF804003C49098860543A4800881C
:10602000401C3949088008460088042818DD00947F
:10603000009C6088FEF719FF001D85B2B5F5967FBC
:1060400001D2042D07DC00202E4908702E4908805B
:106050002EA0FAF73BF92C480088A84200D10CE0AA
:106060009DF804002649087038480078401C3749DC
:10607000087009F10109D14592DB00BF2248008870
:10608000042822DD20480088A8421ED11E4801882D
:10609000204600F037FD02901B480088401E215C1E
:1060A000029881420AD13D800020164908701649A5
:1060B0000880264908701249087061E700201149DC
:1060C000087011490880801E5AE7012058E7000037
:1060D00067697A50726F746F636F6C4765744F6E47
:1060E000655061636B6574204572726F72202C205D
:1060F000496C6C6567616C20506172616D0A0000CB
:106100009402002090020020920200204552523A50
:106110007468652064617461206C656E67746820C2
:10612000697320746F6F206C6F6E67206F722074BC
:106130006F6F20736D616C6C2C2077696C6C2061C3
:1061400062616E646F6E200A0000000095020020FC
:1061500010B504462CB907A0FAF7B8F84FF0FF3095
:1061600010BD002020606060FF2020706070002063
:10617000F6E700004552523A2067697A50726F7410
:106180006F636F6C48656164496E6974206865610E
:106190006420697320656D707479200A0000000026
:1061A0002DE9F04FADF5177D06468B46174699460B
:1061B000002096908246804600256C46BBF1000F79
:1061C00007D131A0FAF782F8681E0DF5177DBDE8FA
:1061D000F08FB9F1010F06D196F8088008F106009A
:1061E000384485B201E0781D85B22B4642463946D7
:1061F0002BA0FAF76BF8FF2004F8010B04F8010B51
:10620000281204F8010B04F8015B3079401C04F8F3
:10621000010B707904F8010B002004F8010B04F85D
:10622000019B4FF0080AB9F1010F0CD104F8018B62
:106230000AF1010A0DEB0A00424606F10901FAF7DC
:1062400069FAC24444442FB10DEB0A003A4659465C
:10625000FAF760FA291D684600F054FC0146E81C74
:106260000DF80010291D684604F086F9969096985E
:10627000002806DA14A09699FAF728F86FF00100C2
:10628000A3E70020A1E700005B4552525D20206497
:10629000617461204973204E756C6C200A00000007
:1062A0006C656E203D202564202C20734469644C6D
:1062B000656E203D202564202C646174615F6C65EF
:1062C0006E203D2025640A00756172742077726922
:1062D0007465206572726F72202564200A000000C8
:1062E0002DE9F04780460C4617461D46089E94F857
:1062F00000900CB105B136B937A0F9F7E7FF4FF0C0
:10630000FF30BDE8F087B8F1000F63D117213E4898
:10631000FAF7A1FAB9F1050F3DD0B9F1110F03D089
:10632000B9F1120F54D10FE038A0F9F7CFFF364A78
:1063300080323549601CFFF7CDF901203C490870D7
:1063400000250020306044E03AA0F9F7BFFF38484C
:10635000B4F80110A0F8F813022100F57E70FEF7E2
:10636000B4FF294A7C32A2F11E0101F15600FFF769
:1063700079FA60B92E4800F2FA31D0F81824681C76
:10638000FAF7C8F9132028701F20306002E04FF0A0
:10639000FF30B6E71DE07A1E611C2F48FAF7BAF904
:1063A000781E2349C1F85C021021214890F89C23F3
:1063B00000F29D3081541E4890F89C03401C1C49FB
:1063C00081F89C030320087000250020306000E065
:1063D00000BF00BF002094E767697A50726F746F46
:1063E000636F6C49737375656450726F6365737323
:1063F000204572726F72202C20496C6C6567616C4D
:1064000020506172616D0A00681F002041435449A9
:106410004F4E5F454C4F4E474154455F434F4E549E
:10642000524F4C5F444556494345200A0000000046
:10643000CC1B0020414354494F4E5F454C4F4E47C3
:106440004154455F524541445F4445565F53544172
:10645000545553200A000000F91C002070B5044672
:1064600025462CB90EA0F9F731FF4FF0FF3070BD73
:10647000412205F108010E48FAF74CF90F210D48A9
:1064800090F8E12300F2E23081540A4890F8E103E9
:10649000401C084981F8E103052008700020E6E768
:1064A0004E545020697320656D707479200A000085
:1064B00060200020CC1B002010B504462CB9D2A0CF
:1064C000F9F704FF4FF0FF3010BD2089FEF7CDFC37
:1064D0002081D9480078C0F38000217AC1F380017F
:1064E00088425AD0207AC0F3800000282BD0207A2E
:1064F00000F0010080B10021D04890F8B32300F5EE
:106500006D708154CD4890F8B303401CCB4981F89D
:10651000B303CBA0F9F7DAFE207AC0F340000028DD
:106520003BD00121C54890F8B32300F56D7081542C
:10653000C24890F8B303401CC04981F8B303C8A017
:10654000F9F7C4FE29E0207A00F0010080B10021B3
:10655000BA4890F8B32300F56D708154B74890F8AD
:10656000B303401CB54981F8B303B5A0F9F7AEFEFB
:10657000207AC0F3400080B10221B04890F8B323E4
:1065800000F56D708154AD4890F8B303401CAB49E1
:1065900081F8B303B9A0F9F799FEA7480078C0F3D2
:1065A000C000217AC1F3C00188422ED0207AC108F0
:1065B000A148007861F3C3009F490870207AC0F3B6
:1065C000C00088B103219D4890F8B32300F56D7099
:1065D00081549A4890F8B303401C984981F8B3035A
:1065E000ADA0F9F773FE10E00421944890F8B323AE
:1065F00000F56D708154914890F8B303401C8F49A9
:1066000081F8B303ACA0F9F761FE8B480078C0F3C2
:106610000010217AC1F3001188422ED0207A01099E
:106620008548007861F3041083490870207AC0F32C
:10663000001088B10521814890F8B32300F56D70F2
:1066400081547E4890F8B303401C7C4981F8B30321
:10665000A1A0F9F73BFE10E00621784890F8B3239B
:1066600000F56D708154754890F8B303401C734970
:1066700081F8B303A0A0F9F729FE6F480078C0F3B2
:106680004010217AC1F3401188422ED0207A41096E
:106690006948007861F3451067490870207AC0F3B3
:1066A000401088B10721654890F8B32300F56D705C
:1066B0008154624890F8B303401C604981F8B303E9
:1066C00096A0F9F703FE10E008215C4890F8B32388
:1066D00000F56D708154594890F8B303401C574938
:1066E00081F8B30394A0F9F7F1FD53484078C0F363
:1066F000C001607AC0F3C00081422ED0607AC10828
:106700004D48407861F3C3004B494870607AC0F34C
:10671000C00088B10B21494890F8B32300F56D7093
:106720008154464890F8B303401C444981F8B303B0
:1067300089A0F9F7CBFD10E00C21404890F8B32375
:1067400000F56D7081543D4890F8B303401C3B49FF
:1067500081F8B30387A0F9F7B9FD37484078C0F353
:106760000011607AC0F3001081422ED0607A0109D6
:106770003148407861F304102F494870607AC0F3C3
:10678000001088B109212D4890F8B32300F56D70F1
:1067900081542A4890F8B303401C284981F8B30378
:1067A0007CA0F9F793FD10E00A21244890F8B32368
:1067B00000F56D708154214890F8B303401C1F49C7
:1067C00081F8B3037AA0F9F781FD0D211B4890F8F9
:1067D000B32300F56D708154184890F8B303401C42
:1067E000164981F8B303607A00F0070081F8840449
:1067F000084690F8841475A0F9F768FD02200F4947
:106800000870002060E6000067697A50726F746F4C
:10681000636F6C4D6F64756C655374617475732030
:106820004572726F72202C20496C6C6567616C2018
:10683000506172616D0A000096020020CC1B00209E
:106840004F6E426F617264696E673A20536F66746F
:106850004150206F7220576562206D6F64650A0099
:106860004F6E426F617264696E673A204169724C83
:10687000696E6B206D6F64650A0000004F6E426F99
:10688000617264696E673A2053746174696F6E2037
:106890006D6F64650A000000576946692073746172
:1068A0007475733A20696E2062696E64696E672040
:1068B0006D6F64650A000000576946692073746152
:1068C0007475733A206F75742062696E64696E67BF
:1068D000206D6F64650A0000576946692073746112
:1068E0007475733A20636F6E6E65637465642072AD
:1068F0006F757465720A0000576946692073746188
:106900007475733A20646973636F6E6E6563746542
:106910006420726F757465720A00000057694669D9
:10692000207374617475733A20636F6E6E6563745F
:106930006564206D326D0A00576946692073746181
:106940007475733A20646973636F6E6E6563746502
:1069500064206D326D0A00005769466920737461C6
:106960007475733A2061707020636F6E6E65637426
:106970000A00000057694669207374617475733AA0
:10698000206E6F2061707020636F6E6E6563740A95
:106990000000000057694669207374617475733A8A
:1069A00020696E2074657374206D6F64650A000041
:1069B00057694669207374617475733A206F7574F2
:1069C0002074657374206D6F64650A0052535349D7
:1069D000206973202564200A0000000070B5044679
:1069E00025462CB919A0F9F771FC4FF0FF3070BDA6
:1069F0001B48A9688160A9898181A97B8173A0F561
:106A00009060D5F80F10C0F890140146B1F88804D2
:106A1000FEF72BFA1349A1F88804D1F89004FEF789
:106A200031FA1049C1F890040E210E4890F8CA239B
:106A300000F2CB3081540B4890F8CA03401C09493E
:106A400081F8CA03042008700020D0E74552523A6A
:106A5000204E545020697320656D707479200A00AF
:106A60004C200020CC1B002010B5FFF7C3F80446D3
:106A700000BFFFF7BFF8001BB0F5167FF9D901F092
:106A80006FFF10BD10B500240F4890F8690200B9DF
:106A900010BD0EA0F9F71AFC0B48B0F8961300F2DF
:106AA0006A2003F069FD04460748B0F89603A04247
:106AB00002D00EA0F9F70AFCFFF79CF80249C1F8D2
:106AC000980300BFE4E70000CC1B00205761726E02
:106AD000696E673A2074696D656F75742C207265F4
:106AE00073656E642064617461200A004552523AF5
:106AF00020726573656E64206461746120657272D2
:106B00006F720A0010B502460024002302B109B9D1
:106B1000002010BD022303E0D05C2044C4B25B1C03
:106B2000481E9842F8D82046F3E7000070B50446A6
:106B30000D462CB90EA0F9F7C9FB4FF0FF3070BD20
:106B40004FF49A711048F9F786FE2A4621460E48FE
:106B5000801CF9F7DFFD0D48A0F89653012180F85D
:106B60006912FFF747F80949C1F898030020E6E7E2
:106B70004552523A206461746120697320656D70DA
:106B80007479200A00000000341E0020CC1B002075
:106B900070B504460A4D2CB90AA0F9F797FB4FF0DF
:106BA000FF3070BD2879401C2179884205D14FF40F
:106BB0009A710348801EF9F74EFE0020F1E70000AD
:106BC000361E00204552523A206461746120697378
:106BD00020656D707479200A0000000070B50446CD
:106BE0000D46002624B90AA0F9F770FB701E70BD8F
:106BF0002A4621460E4803F07EF80646AE4205D0EE
:106C00000CA0F9F763FB4FF0FF30F0E73046EEE7FA
:106C10004552523A2067697A507574446174612014
:106C200062756620697320656D707479200A0000B2
:106C3000A42000204552523A204661696C656420C8
:106C4000746F2072625772697465200A0000000038
:106C50002DE9F043CBB006460F4690464FF00009B1
:106C60006C4608F1060085B23FB925A0F9F72EFB66
:106C70004FF0FF304BB0BDE8F083FF2004F8010B6C
:106C800004F8010B281204F8010B04F8015B05203D
:106C900004F8010B244890F86012D0F86002401C00
:106CA000214AC2F8600204F8011B002004F8010B1D
:106CB00004F8010B04F8016B424639460DF1090056
:106CC000F9F728FD291D6846FFF71CFF0146E81C5F
:106CD0000DF80010291D684603F04EFC8146B9F1FD
:106CE000000F06DA494611A0F9F7F0FA6FF001003B
:106CF000C0E7291D6846FFF719FF0020BAE700002A
:106D000067697A5265706F7274446174612045726C
:106D1000726F72202C20496C6C6567616C20506129
:106D200072616D0A00000000CC1B00204552523AEF
:106D30002075617274207772697465206572726F54
:106D400072202564200A000002480068401C0149A6
:106D500008607047800200202DE9F047054688460C
:106D600014461E464FF00009CA460027002314B9F6
:106D7000581EBDE8F087EB0841462846FEF790FA1A
:106D800007463FB9E05C05F0070106FA01F1084348
:106D9000E0541DE0012F1BD1F0B205F00701C1F155
:106DA000080140FA01F905F00700C0F10801FF20D1
:106DB000084100EA060A581C205C40EA0900591CF8
:106DC0006054E05C05F007010AFA01F10843E05461
:106DD0000020CEE710B50346002002FB031010BDD3
:106DE00010B503460020541AB4FBF3F010BD2DE992
:106DF000F04704460E46154600273146284604F063
:106E000087FE8146214604F0F3FB804604F002FD34
:106E100007463846BDE8F0872DE9F05F06460D4687
:106E2000934600272C46A846A946AA4606B11DB996
:106E30004FF0FF30BDE8F09F002789E0701CC05D77
:106E400016286FD2DFE800F05B5C5D80805E5F60DB
:106E500064808080806873746F0B1A2938472069BA
:106E60003E490861084601693DA0F9F72FFA3B4801
:106E7000007C4149C870FDF785FE66E060693749CE
:106E800048610846007D3C494870FDF77BFE334869
:106E900041693AA0F9F71AFA57E0A0692F498861C9
:106EA0000846007E34490870FDF76CFE2B48816966
:106EB00038A0F9F70BFA48E0E0692849C8610846AC
:106EC000007F2D498870FDF75DFE2448C16937A019
:106ED000F9F7FCF939E03BA0F9F7F8F91F48A16A86
:106EE0008162E16AC162216B01632349826A4A605F
:106EF000C26A8A60006BC860FDF744FE25E024E0AA
:106F000023E022E021E020E00120334908701CE06A
:106F100000203149087018E098F800102FA0F9F708
:106F2000D5F912E010E030A0F9F7D0F90DE00CE04F
:106F300032A0F9F7CBF936A0F9F7C8F99AF80010A2
:106F400037A0F9F7C3F900E000BF00BF781CC7B253
:106F50003078B8423FF772AF00206BE7981B0020F3
:106F60004576743A4556454E545F54454D505F4DF5
:106F70004158202534660A00EC2900204576743AF1
:106F80004556454E545F48525F4D41582025640A8E
:106F9000000000004576743A4556454E545F48520D
:106FA0005F4D494E2025640A000000004576743A82
:106FB0004556454E545F53514F325F4D494E202543
:106FC00034660A004576743A204556454E545F5063
:106FD000484F4E450A000000C8050020525353494F
:106FE0002025640A000000005452414E5350415283
:106FF000454E545F44415441200A00004D4F4455D2
:107000004C4520494E464F202E2E2E0A00000000EF
:10701000574946204D4F44554C45202E2E2E0A00F0
:107020006D6F64756C6554797065203A205B2564DA
:107030005D200A002DE9F041ADF51A7D05460026D8
:107040000020039002900024804600273DB984A0D0
:10705000F9F73CF9601E0DF51A7DBDE8F081FEF7E9
:10706000CFFD03AA88498948FEF772FF0646002E25
:1070700071D187A0F9F72AF9834C20790F284FD0D6
:107080000ADC0E2873D2DFE800F07216721A7272F0
:10709000433872724472453C182852D006DC1128DD
:1070A00047D0142846D0162861D134E0222854D085
:1070B0002A285CD130E02046FEF78CFE5FE0E279C2
:1070C000A17978A0F9F702F902A8009007F1090068
:1070D000BDF80C301A1A6C480830C11904AB404690
:1070E000FFF7FEF840B9E37904A92046029AFFF7BA
:1070F00057F870A0F9F7EAF841E02046FEF7C8FD1E
:107100003DE02046FEF7C4FD2046FFF7D5F936E006
:1071100000BF00BF00BF00BF2046FFF739FD2EE0D3
:107120002046FEF7B5FD66A0F9F7D0F8FFF79CFC06
:1071300025E024E02046FFF72BFD66A0F9F7C6F80E
:107140001DE02046FFF724FD2046FFF747FC69A01D
:10715000F9F7BCF813E013E009E02046FFF718FD4B
:107160002046FFF77BF969A0F9F7B0F807E00221A4
:107170002046FEF7DDFD6CA0F9F7A8F800BF0DE092
:1071800016F1020F0AD1404C01212046FEF7D0FD36
:107190006BA0F9F79BF86FF001005CE73A48401EDE
:1071A0000078062854D2DFE800F05303132431425C
:1071B00000203549491E0870342201F21C41A1F11A
:1071C0008000FFF729FE17216348F9F744FB40E0F0
:1071D00000202D49491E0870012201F28441A1F1CD
:1071E000D100FFF719FE17215B481730F9F711FBA3
:1071F0002FE000202449491E0870084600F22D1196
:10720000D0F85C225448FFF707FE22E000201E4918
:10721000491E08700C2201F59161A1F1BE00FFF733
:10722000FBFD17214C482E30F9F7F3FA11E000204E
:107230001549491E0870412201F29441A1F1B300A1
:10724000FFF7EAFD412144484530F9F7E2FA00E052
:1072500000BF00BF2846FEF75BFC0020FBE60000F5
:1072600047697A7769747348616E646C652045720A
:10727000726F72202C20496C6C6567616C205061C4
:1072800072616D0A00000000CD1B0020A4200020C8
:10729000476574204F6E65205061636B6574210AE9
:1072A00000000000666C6167202578202578200AA0
:1072B0000000000041636B44617461203A200A00C1
:1072C0007265706F72743A4D4355207265626F6FCC
:1072D00074210A0041636B2050524F445543544976
:1072E0004F4E5F4D4F444520737563636573732044
:1072F0000A00000041636B204745545F55545420F9
:1073000073756363657373200A00000041636B202B
:107310004745545F4D6F64756C6520737563636595
:107320007373200A000000004552523A20636D64D6
:1073300020636F6465206572726F72210A0000001D
:107340004552523A20636865636B2073756D206502
:1073500072726F72210A0000681F002010B54FF48E
:1073600016700A4908600A48C860084602F04BFCDB
:1073700018B908A0F8F7AAFF02E00BA0F8F7A6FFDB
:107380004FF49B610D48F9F766FA10BDA420002068
:10739000B420002072624372656174652053756386
:1073A00063657373200A00007262437265617465DD
:1073B000204661696C64200A00000000CC1B00209C
:1073C00030B587B005460024062D7CD2DFE805F0F5
:1073D00003305F90BDEA01A8FEF7BAFE0B208DF8DE
:1073E00008008B4890F86012D0F86002401C884A70
:1073F000C2F86002C8B28DF809000520FDF735FD1E
:10740000ADF80600092101A8FFF77CFB8DF80C0000
:10741000092101A803F0B0F80446002C03DA214644
:107420007CA0F8F753FF092101A8FFF77FFBEAE0F2
:1074300004A8FEF78DFE09208DF81400744890F81A
:107440006012D0F86002401C714AC2F86002C8B2F3
:107450008DF815008DF818500620FDF706FDADF8E3
:1074600012000A2104A8FFF74DFB8DF819000A212C
:1074700004A803F081F80446002C03DA214665A035
:10748000F8F724FF0A2104A8FFF750FBBBE004A88B
:10749000FEF75EFE09208DF814005D4890F860123A
:1074A000D0F86002401C5A4AC2F86002C8B28DF897
:1074B00015008DF818500620FDF7D7FCADF8120026
:1074C0000A2104A800E09AE0FFF71CFB8DF81900E0
:1074D0000A2104A803F050F80446002C03DA2146E0
:1074E0004CA0F8F7F3FE0A2104A8FFF71FFB8AE07F
:1074F00001A8FEF72DFE13208DF80800444890F8EF
:107500006012D0F86002401C414AC2F86002C8B262
:107510008DF809000520FDF7A8FCADF8060009214B
:1075200001A8FFF7EFFA8DF80C00092101A803F07C
:1075300023F80446002C03DA214636A0F8F7C6FEED
:10754000092101A8FFF7F2FA5DE001A8FEF700FEAD
:1075500015208DF808002E4890F86012D0F86002CF
:10756000401C2B4AC2F86002C8B28DF80900052001
:10757000FDF77BFCADF80600092101A8FFF7C2FA70
:107580008DF80C00092101A802F0F6FF0446002C3A
:1075900003DA21461FA0F8F799FE092101A8FFF799
:1075A000C5FA30E001A8FEF7D3FD29208DF80800C8
:1075B000174890F86012D0F86002401C144AC2F8D4
:1075C0006002C8B28DF809000520FDF74EFCADF849
:1075D0000600092101A8FFF795FA8DF80C00092192
:1075E00001A802F0C9FF0446002C03DA214609A0D5
:1075F000F8F76CFE092101A8FFF798FA03E00CA048
:10760000F8F764FE00BF00BF204607B030BD0000A1
:10761000CC1B00204552523A20756172742077725B
:10762000697465206572726F72202564200A0000FB
:107630004552523A204366674D6F64652065727209
:107640006F72210A0000000030B504460D46022387
:107650001B4A19462046FBF761F819482E3890F866
:107660002E00412800D030BD0B23154A2E3A0121AF
:107670002046FBF753F80823114A233A09212046F4
:10768000FBF74CF802230E4A103A04212046FBF780
:1076900045F802230A4A921E06212046FBF73EF8CF
:1076A0001423074A1B3A03212046FBF737F814231B
:1076B000034A0E3A05212046FBF730F800BFD2E717
:1076C0003A2300202DE9FF4F99B016AA02211998FC
:1076D00001F03CFA20B14FF0FF301DB0BDE8F08F53
:1076E00014AA03211A9801F031FA10B16FF00100C9
:1076F000F3E70022504BDDE9140103F0F5FDCDE97D
:10770000120100224D4BDDE9160103F0EDFD0446A8
:107710000D460EA810A922462B46CDE90010DDE942
:10772000120102F067F8464A464BDDE9160103F004
:107730000DFB0022444BCDE90A0103F019F906467E
:107740000F463046394601F0B1FF80468946424631
:107750004B463E483E4903F0F9FA42464B46CDE9D6
:10776000080103F0F3FA00223A4BCDE90A0103F0D5
:10777000C9FC82468B465046594602F0BDFDCDE914
:107780000C0150465946DDE90C2303F0DFFA0246AE
:107790000B46CDE902013048304903F0E9F8284AA8
:1077A000284BCDE9040103F0D1FA0022264BCDE9A4
:1077B0000801DDE9100103F0C9FACDE90601DDE9B0
:1077C000082303F0D5F8CDE90A01DDE9162303F01B
:1077D00013F81B9A03C230463946FDF793FACDE9F8
:1077E00002014FF080401E49DDE90C2303F0C0F890
:1077F000CDE90001DDE9022303F0A8FA104A114B9C
:10780000CDE9040103F0A2FA00220F4BCDE90801F3
:10781000DDE90E0103F09AFACDE90601DDE908235E
:1078200003F0A6F8CDE90A01DDE9142302F0E4FF34
:107830001C9A03C2002050E700405A40008041409B
:10784000182D4454FB210940008066400BEF80AFA7
:107850008F6A7B3F0000F03FC155E32D102B58414C
:10786000C154584110B5044609484078401CC0B284
:1078700007494870032804DB0D2008700020487079
:1078800005E00348047002F0CBFD0149486010BDDB
:107890009C1100202DE9F04100F06CFEFDF7FAFC90
:1078A00020B9002035490880BDE8F08102F006F9D2
:1078B00000F0E8FD00F0D4FD3048018830A0F8F772
:1078C00005FD2E480088962855DB9621314800F0AA
:1078D000BDFE0446962230492E4800F00DFF0546B5
:1078E00021462EA0F8F7F2FC3149284604F012F8A0
:1078F000804603F073FF642190FBF1F201FB120656
:10790000284603F06BFF07463246394629A0F8F7B0
:10791000DDFC0020194908801E2C09DD822C07DAC5
:1079200004F1140027490880084600882649088287
:107930002649284604F0BAF80AD21D49284603F021
:10794000B5FF05D21F48456040681F49486111E0F6
:107950001C4845600146486803F040FF0A2190FB3F
:10796000F1F201FB120000F15A06304603F072FFFB
:107970001549486100BF00BF96E70000A80200203B
:1079800063616368655F636F756E746572202564FB
:107990000D0A0000942500203C2300204852202599
:1079A00064202074696D65732F6D696E0D0A000087
:1079B0000000C84253704F322025642E25640D0A02
:1079C00000000000A0280020C80500200000BC42E4
:1079D00070B50020FAF7A8FB80212548F8F719FFB9
:1079E0002448028A24A12248F8F77CFC0023204A7C
:1079F00019461846FAF750FE80211D48F8F709FF8E
:107A00001C49486903F05AFD044622460B461EA154
:107A10001748F8F767FC0023154A10211846FAF7B3
:107A20003BFE80211248F8F7F4FE1249D1E90C43DD
:107A3000224619A10E48F8F755FC00230C4A2021D4
:107A40001846FAF729FE80210948F8F7E2FE0948AE
:107A5000D0E90E43224613A10548F8F743FC002362
:107A6000034A30211846FAF717FEFAF7D5FD70BD24
:107A7000D8190020C8050020D0C4CCF83A2564B439
:107A8000CE2FB7D600000000D1AAD1F53A25302E6E
:107A90003166252500000000BEADB6C83A25302E5F
:107AA00034660000CEB3B6C83A25302E34660000E6
:107AB00010B5034A07210348FBF7E0FA10BD0000A8
:107AC000B99E0008D801002008B50020FAF72CFB69
:107AD0000020074B2022402100901020FAF7E9FAFD
:107AE000002204A13020FAF708FBFAF795FD08BD43
:107AF0001AD30008D0C4CCF8D1AAD1F5B2C9BCAF12
:107B0000D6D0000008B50020FAF70EFB0020074B86
:107B10002022402100901020FAF7CBFA002204A185
:107B20003020FAF7EAFAFAF777FD08BD1AD4000810
:107B3000C9E8D6C30000000010B50020FAF7F4FA37
:107B400080212048F8F765FE1FA11E48F8F7CAFB00
:107B500000221C491046FAF7D0FA80211948F8F79C
:107B600058FE1CA11748F8F7BDFB0022154910204C
:107B7000FAF7C3FA1A4890F8400001280FD01848C5
:107B8000407860B980210F48F8F743FE15A10D48F1
:107B9000F8F7A8FB00220B492020FAF7AEFA802163
:107BA0000848F8F736FE0E48436C027E0FA10548E0
:107BB000F8F798FB002203493020FAF79EFAFAF70B
:107BC0002BFD10BDD8190020C0CFC8CBC9FABBEE21
:107BD00000000000BCECB2E2CFB5CDB30000000065
:107BE000C8050020CBA4B5B921212100CCE5CEC227
:107BF0003A256420B2BDCAFD3A25640038B5002498
:107C000000BF22E00020009004EB4401314A02EB67
:107C1000810188680121FBF775FD04EB44002D49C3
:107C200001EB80008088ADF8000048208DF803004B
:107C300003208DF8020004EB4401264A52F821008B
:107C40006946FAF755F9601CC4B2052CDADB00244A
:107C500039E0C4EBC400204901EB800084761F4862
:107C6000C4EBC4011C4A02EB810148601C48C4EB10
:107C7000C40102EB81018860C4EBC400114601EB32
:107C80008000C07E20F00100C4EBC40102EB810142
:107C9000C8764B20C4EBC40102EB81018882962098
:107CA000C4EBC40102EB8101C882E120C4EBC40132
:107CB00002EB81010883C4EBC40102EB8100FDF7F4
:107CC0003FFA601CC4B2052CC3DB012005490870D3
:107CD00038BD00001C01002010110020D54C000808
:107CE000C14C00085801002070B504460D460448F8
:107CF0002A46214603680348FCF731FB70BD0000AB
:107D0000400000201006002000B587B004A802F053
:107D10005FF80C2201A90F4802F01CFB0198FDF747
:107D20005FF8049988420FD10298FDF759F8059938
:107D3000884209D10398FDF753F80699884203D188
:107D400001200549087002E000200349087007B0CF
:107D500000BD000000F20008AA02002010B504488F
:107D6000007800B910BDFDF72BFA00BFFAE700005C
:107D70005801002010B504460748007818B920467D
:107D8000FBF744FC06E004480078012802D12046B5
:107D9000F9F7ECFD10BD0000A800002008B5FDF7C4
:107DA00023F800F0BDFE4FF4164002F017FC4FF42C
:107DB000165002F03BFB02F08BFBFCF7B9FEFFF71D
:107DC000CDFA4020FA4B8022194600900120FAF7A4
:107DD000F9FC4FF48070F64B4200194600900020E9
:107DE000FAF7F0FCF34948688047F3494868804750
:107DF00000F034FDFBF726F9FBF754FBFBF732FBF1
:107E00000020FAF791F9EDA0EE490860EEA0486075
:107E1000F0488860F048C8600846FBF7D5F9E549A6
:107E200048688047E44948688047F9F781FEBEE129
:107E3000EA48006800F0D2FD142806D302F0F0FAF8
:107E4000E6490860DC4988688047E548006800F03A
:107E5000C5FDB0F5FA7F05D302F0E2FAE04908600B
:107E6000FBF73AFADF48006800F0B8FD42F2107103
:107E7000884270D302F0D4FADA4908600020DA4967
:107E80000870DAA0F8F722FADC4890F8400010B940
:107E90000120D5490870D948008AD9490978884213
:107EA00005DBD648008AD6494978884209DDD3489F
:107EB000008A30B10120CC490870D04981F84100D6
:107EC00003E00020CD4981F84100CD49887803F0D6
:107ED000D9FC0446C9484169204603F0E7FD15D2A4
:107EE000C649486903F0EAFA06460022134603F041
:107EF000FBF90446C34AC44B03F0CEF806D2012076
:107F0000B9490870BD4981F8420003E00020BB492F
:107F100081F84200B948007EB949C978884206DD37
:107F20000120B1490870B54981F8430003E0002001
:107F3000B24981F84300AC48007801280BD1AF4822
:107F4000407828B901F07AFF0120AC49887002E03E
:107F50000020AA494870AD48006800F03FFDB0F528
:107F6000FA7F6CD302F05CFAA849086000209E49B1
:107F70000870A24890F8400010B90120087039E05C
:107F80009E48008A9E490978884205DB9B48008A02
:107F90009B494978884206DD9848008A18B101203B
:107FA0009149087026E09649887803F06BFC0446F6
:107FB00092484169204603F079FD12D28F49486901
:107FC00003F07CFA06460022134603F08DF90446BE
:107FD0008C4A8D4B03F060F803D20120824908706F
:107FE00008E08648007E8649C978884202DD012083
:107FF0007D4908707C480078012812D17F4840787C
:1080000078B901207D4988706A48816800208847D6
:108010006848C1680120884766488168022088470F
:108020000BE06448C16800208847624881680120ED
:1080300088476048C1680220884702F02BF87448DE
:10804000006800F0CBFC73490968884211D302F044
:10805000E7F96F490860FFF71DFCFDF71BF90128E0
:1080600003D10A206B49086003E04FF47A70694934
:1080700008606948006800F0B1FCB0F5FA7F51D3A0
:1080800002F0CEF964490860644800F0ADFC634832
:1080900000685A4948606148406888605F48806865
:1080A000C860486803F00AFA044600225C4B02F0FC
:1080B000F3FF0ED25149486803F000FA044600224B
:1080C000584B02F007FE04D24C48406C401C4B4910
:1080D00048644A49486803F0F1F904460022524BCB
:1080E00002F0DAFF17D24549486803F0E7F9044681
:1080F00000224E4B02F0EEFD0DD24D480078401CA0
:108100004B490870084600780A280BDD00203B49DF
:1081100081F8400006E000204549087001203749F9
:1081200081F840004348006800F058FCB0F5FA6F51
:108130000AD302F075F93F490860F9F7B3FC0A2148
:1081400090FBF1F02D4908763B48006800F046FCB2
:10815000642819D302F064F9374908604FF480723B
:108160003649374801F0B3FC364908800846018893
:10817000324800F097FC214B303303F108023249BA
:10818000A1F10D00FFF79EFA3048006800F026FCD0
:1081900064280CD302F044F92C4908601748007891
:1081A000012801D102F080FA2948FEF743FF3FE69B
:1081B000000C0140A800002058010020D6F7B2CBE7
:1081C000B5A50000B80500204D61696E204D656EB3
:1081D000750000004D2F00086D2F000804000020DE
:1081E00008000020100000203C000020B6CCD0C5C4
:1081F000B1A8BEAFC5D0B6CF0D0A0000C80500209B
:10820000EC29002048AFBC9AF2D77A3E0C0000203F
:1082100014000020180000201C000020AC050020E5
:108220000000444000804D4000004E4000806B4004
:108230003D0000202800002020000020AC0200208B
:1082400078000020000000202C23002030000020B7
:10825000981B002010B50446FAF70CFF0068807FD9
:1082600028B1FAF707FF0068807F01280FD1022CA0
:1082700003D10020FAF7DCFF18E01CB90020FBF75F
:1082800003F813E0042C11D101F0D8FD0EE0FAF749
:10829000F1FE0068807F022808D1042C02D1FAF791
:1082A00009FF03E014B90020FAF7EEFF10BD00004B
:1082B00010B50446032C03D10020FAF7B9FF04E0FF
:1082C000012C02D10020FAF7DFFFFAF7D3FE006895
:1082D000807F18BB022C0FD15C484078C82803DB94
:1082E000C8205A494870B0E058484078401C574967
:1082F0004870FCF747FCA8E0002CF4D153484078C4
:10830000782803DC7820514948709EE04F48407837
:10831000401E4E494870FCF735FC96E0FAF7AAFE7D
:108320000068807F012823D1022C0FD147480078B4
:108330005A2803DB5A204549087086E043480078F4
:10834000401C42490870FCF71DFC7EE0002C7CD1EB
:108350003E480078002803DC00203C49087074E0A7
:108360003A480078401E39490870FCF70BFC6CE075
:10837000FAF780FE0068807F022823D1022C0FD1FB
:1083800032488078642803DB6420304988705CE0E0
:108390002E488078401C2D498870FCF7F3FB54E090
:1083A000002C52D129488078002803DA0020274980
:1083B00088704AE025488078401E24498870FCF780
:1083C000E1FB42E0FAF756FE0068807F032822D1E5
:1083D000022C0FD11D48C0782B2803DB2B201B4912
:1083E000C87032E01948C078401C1849C870FCF7C2
:1083F000C9FB2AE04CBB1548C078212803DC2120AA
:108400001249C87021E01148C078401E0F49C87059
:10841000FCF7B8FB19E0FAF72DFE0068807F04280E
:1084200008D1042C11D10AA0F7F750FF0220FEF763
:10843000C7FF0AE0FAF71EFE0068807F062804D115
:10844000042C02D10120FAF779FE10BDEC2900209E
:1084500057694669D6D8D0C2C5E4CDF80D0A0000E8
:1084600008B500BF01226946002000F0D9F90028B4
:10847000F8D000BF01226946104600F0D1F900286B
:10848000F8D008BD30B5BFB000240025B42234496F
:10849000072000F0C5F900BF3AE03149095D0A0440
:1084A0002F4B611C595C42EA0121A21C9A5C1143CA
:1084B000C1F3110003F0CEF903A941F83500284AB1
:1084C000E11C515C0A04264B211D595C42EA012142
:1084D000621D9A5C1143C1F3110003F0BBF903A9BB
:1084E00001EBC501486003A951F835001D4903F0AF
:1084F000DDF907D903A901EBC5014868194903F063
:10850000D5F900D802E0681CC5B200BFA01DC4B2F6
:10851000B42CC2DB00241FE003A901EBC40001A9B5
:10852000FFF7E2FB03A901EBC401081D02A901F05A
:108530005DFC0D490D4A1288019841F822000C4853
:108540000A4A1288029940F8221008480088401C04
:1085500006490880601CC4B2AC42DDDB3FB030BDD0
:10856000EC2700200050C34794250020A8020020DB
:108570003C2300201CB500243C222149072000F0A8
:108580004FF900BF35E01E49095D0A041C4B611C10
:10859000595C42EA0121A21C9A5C1143C1F311000B
:1085A00003F058F90090164AE11C515C0A04144B80
:1085B000211D595C42EA0121621D9A5C1143C1F3FD
:1085C000110003F047F901900E49009803F06EF98D
:1085D00004D90C49019803F069F908D80A48007ACF
:1085E00008B101F0AFFE0020074908721CBDA01DB4
:1085F000C4B23C2CC7DB01200349087200BFF5E779
:10860000EC2700200050C347A028002008B50948E7
:108610000068094B094A1D2100900948FCF766FAD9
:1086200004480068074B054A1D2100900648FCF7E6
:108630005DFA08BD4000002028060020F0BC0008BC
:10864000100600209C0600201C0600202DE9F047A3
:1086500005460E464FF00008002407E055F82410A8
:10866000404602F057FF8046601C84B2B442F5DBFE
:10867000304603F007F981464946404602F0B8FF0C
:108680008046002410E055F82400414603F00EFA1D
:1086900008D205EB84014868414603F007F901D28E
:1086A000274603E0601C84B2B442ECDB00BF601CD0
:1086B00084B211E055F82400414603F0F7F909D2DD
:1086C00005EB84014868414603F0F0F802D2E01B54
:1086D00087B203E0601C84B2B442EBDB00BF0E2F14
:1086E00008DD642F06DA40F6B83090FBF7F080B270
:1086F000BDE8F0870020FBE72DE9F04F91B005467B
:108700000E46174628680F90D5F8008030680E9006
:10871000D6F80090012423E055F824100F9803F0B8
:10872000C5F802D255F824000F9055F824104046A1
:1087300003F0BCF901D255F8248056F824100E98A5
:1087400003F0B4F802D256F824000E9056F8241024
:10875000484603F0ABF901D256F82490601C84B26D
:10876000BC42D9DB41460F9803F0D2F949460C9040
:108770000E9802F0CFFE0B900C9903F0CBF88346D5
:1087800049460E9803F0C4F941460C900F9802F048
:10879000C1FE0B900C9903F0BDF859460D9002F004
:1087A00027FF8246504602F089FE174A174BCDE953
:1087B000040102F0CBFACDE90801504602F07EFE3A
:1087C000CDE90401504602F079FE114A114BCDE982
:1087D000000102F0BBFACDE90201DDE9042302F059
:1087E000B5FACDE90601DDE9082302F005F80A4AE9
:1087F0000A4BCDE90A0101F0FFFFCDE90C0101F0C0
:10880000C9FF11B0BDE8F08FB4C876BE9F5A3E4094
:1088100048E17A14AE8746C0AE47E17A14B65740B5
:108820007CB504460D46164601232246AE21184665
:10883000CDE90056FAF744F801207CBD13B582B0AB
:108840000446012003A903462246CDE90010AE21CB
:10885000FAF7C2F8012004B010BD00001FB50121D5
:108860000820FAF74FFFFCF70FFD10B9002004B005
:1088700010BD2020ADF8080004208DF80B0002A9DF
:108880003648F9F735FB01210846FAF73BFF052189
:108890000120F9F70DFB2020009000208DF8040046
:1088A0000C208DF8050001208DF806006846F9F7C8
:1088B0002BFA40210920FFF7C1FF0520FCF7A6FA9B
:1088C000C0210220FFF7BAFF00210320FFF7B6FF07
:1088D00000210420FFF7B2FF00210520FFF7AEFFC3
:1088E00000210620FFF7AAFF00210520FFF7A6FFC1
:1088F00000210420FFF7A2FF0F210820FFF79EFFB1
:1089000003210920FFF79AFF27210A20FFF796FF8E
:1089100024210C20FFF792FF24210D20FFF78EFF6A
:108920007F211020FFF78AFF012203A90020FFF713
:1089300077FF00BF012203A90020FFF771FF002885
:10894000F8D000BF012203A91046FFF769FF0028F5
:10895000F8D0FFF75BFE002089E70000000C014023
:10896000012080F3138800BF7047000070B50546F2
:108970000C4624BB12488078012807D11048407863
:1089800020B901200E49487000208870FAF772FB68
:1089900000680CA186683046F7F7B0FF18B9284682
:1089A000FFF758FC0BE0FAF765FB006808A1866842
:1089B0003046F7F7A3FF10B92846FFF779FC70BDE2
:1089C000C80500204D61696E204D656E7500000080
:1089D0007365745F6D656E750000000000B501463B
:1089E00001F01EFD401A00BD2DE9F04F87B0814611
:1089F0000024062005A901233B22CDE90010D02147
:108A00001846F9F75DFF00BF3CE005AA611C515C08
:108A1000125D01EB022002F01DFF04901C49049836
:108A200002F078FD06464FF08D4102F0E1FD25464B
:108A300004EBD571491049F82100A24604EBDA7124
:108A4000491059F8210002F039FD07464FF0333242
:108A5000104B02F07BF900220F4BCDE9000102F030
:108A600075F90E4A0E4BCDE9020101F081FF054672
:108A700001F090FEA34604EBDB71491049F8210098
:108A8000A01CC4B2062CC0DB07B0BDE8F08F00000C
:108A90000000BD433333F33F008066401F85EB5138
:108AA000B81E094070B505460E46002406B970BDD3
:108AB00000242CE0285D0D2802D0285D0A2813D15F
:108AC00015480078242804D114480168124800F0A1
:108AD000D9F800201049087010490860601C285C13
:108AE0000A2813D1641C11E00C480068FF280DD23D
:108AF000295D0A4802680068401C084B1860064857
:108B00008154002004491A4612688854641CB442F7
:108B1000D0D300BFCBE7000010100020A40000203D
:108B200004480549086005480549086005480649A4
:108B3000086070471007002064000020100B002020
:108B400078000020100F00208C0000202DE9F74F46
:108B50008CB005468A4600200B9000BF002613E02B
:108B6000A85D302802DBA85D392804DD4FF0FF3016
:108B70000FB0BDE8F08FA85D30380B9901EB810193
:108B800000EB41000B90761C5645E9DB05EB0A042F
:108B90004FF0000B00200A9081460FE0207830282B
:108BA00002DB2078392802DD4FF0FF30E0E7207843
:108BB00030380BEB8B0100EB410B641C207828B1A3
:108BC00020782E2802D0B9F1040FE7DB20782E2878
:108BD0001CD1641C4FF0000913E02078302802DB20
:108BE0002078392802DD4FF0FF30C1E72078303897
:108BF0000A9901EB810100EB41000A9009F101099A
:108C0000641C207810B1B9F1040FE6DB484602F08D
:108C100036F802460B46CDE900010020174900F066
:108C200059F8CDE904010A9802F029F8CDE90201CA
:108C3000DDE9042301F09CFECDE90801584602F06D
:108C40001EF8CDE90601DDE9082301F0D5FD074650
:108C5000884600220A4B3846414601F089FECDE99C
:108C600008010B9802F00BF8CDE90601DDE90823B5
:108C700001F0C2FD0E9A03C2002079E700002440F3
:108C800000004E4070B504460D462046F7F71AFD29
:108C900020B1012D05D120780A2802D14FF0FF30F4
:108CA00070BD08A12046F7F7CFFC20B907A12046E8
:108CB000F7F7CAFC18B129462046FEF7C5FC00208C
:108CC000EEE7000024474E524D4300002447505227
:108CD0004D4300002DE9F04D1D460C4698B0174657
:108CE00021F0004123F00043002814BF4FF0010C95
:108CF0004FF0000C0CEB440CFE4A0CEB02064FEA62
:108D0000620C66452BD33E0018BF012606EB4506D4
:108D10001644F94A964222D3F84A53EA070C02D085
:108D2000944205D148B918B000201146BDE8F08D35
:108D3000002808BF4FF0000C01D04FF0010C0CEBE5
:108D4000440212F5001F0AD8002F14BF4FF0010C87
:108D50004FF0000C0CEB450212F5001F07D918B0BC
:108D60003A462B462146BDE8F04DFBF7D8BA002223
:108D7000DFF88CA3002CB8BF534526DADFF884C394
:108D80006345A8BF022220DADFF870C39C451CDCD3
:108D9000DFF874C30CEB235CBCF1140F08DDCCF1DD
:108DA000340627FA06FC0CFA06F6BE420DD108E09E
:108DB0005FB9CCF1140623FA06FC0CFA06F69E42C3
:108DC00003D10CF00102C2F1020251EA000C19D1E8
:108DD000002D17DA002C18BF022A01D0012A07D073
:108DE0000220F7F7D8FD18B0BDE8F04DFBF78CBABC
:108DF0000220F7F7D0FDFBF787FA18B081F00041A9
:108E0000BDE8F08DB7F1000C6CD1534525D104F1CC
:108E1000804212F5801201BF00280020B74918B027
:108E200008BFBDE8F08DB548884207DC002DA1BF22
:108E30006046294618B0BDE8F08D07E0281E05DA27
:108E400080F0004118B06046BDE8F08DAF4979442C
:108E5000D1E9000118B0BDE8F08DDFF8A0C263458C
:108E600025D1002D1FDA19B1514512D1D8B909E029
:108E7000002840F0EC82A24A214618B062F31E019D
:108E8000BDE8F08D0020214618B060F31E01BDE85A
:108E9000F08D08DA18B02346BDE8F04D02460020F8
:108EA000614601F065BD18B02146BDE8F08D514521
:108EB00018DAB5F1804F0DD0A5F1005CBCF1FF5C74
:108EC00010D1B4F1000C0DDB18B06146BDE8F04DD7
:108ED00001F012BA234618B00246BDE8F04D19461B
:108EE00001F034BF060024F0004C3BD1D9B151450C
:108EF00033D1002C06DD002DA1BF0020514618B053
:108F0000BDE8F08D002C01DD002D1BDB002C13DAF9
:108F1000002D11DB012A4FF0000014BF78497C4975
:108F200018B0BDE8F08D022A18BF002C0AD0012A23
:108F300008D1002C06DA0AE0002CB8BF002D11DAA7
:108F4000012A04D0002018B00146BDE8F08D18B009
:108F500000204FF00041BDE8F08DA1F14050B0F18C
:108F60007F601AD0012000EBE47050EA020421D0A7
:108F7000624C521E4FF0000B104304BF4FF0000B29
:108F8000644C654883427CDD644A654893421FDD3A
:108F9000884217DB002D25DB37E0002C00DA4AB1D0
:108FA000022A0CBF01204FF0FF3018B0BDE8F04D91
:108FB00001F065BE0120F7F7EEFC18B0BDE8F04DFA
:108FC000FBF7AFB94D4A8A4202DC002D0ADC1CE0F7
:108FD000814202DA002D18DA04E0484B994220DD84
:108FE000002D12DD0220F7F7D6FCFBF7A0F90546AD
:108FF0000E46002253465846214601F0A7FE18B0FF
:1090000066F31E012846BDE8F08D0220F7F7C3FC89
:10901000FBF794F90A46214618B062F31E01BDE839
:10902000F08D00223046614602F05EF980460E4621
:109030006FF0010202F015FE4FF05532394B02F08D
:1090400061F84246334601F081FE0022364B02F0C1
:1090500059F882464246334604911046194601F0BB
:1090600075FE5246049B01F071FE8A4600904FF057
:10907000C0422E4B4046314601F068FE2C4A2B4B35
:1090800000E027E0CDE906015146009801F05EFEC0
:1090900082460191274A284B4046314601F056FE50
:1090A0005246019B02F020F982460B46024605918A
:1090B000DDE9060101F0A0FBDDE906230026884674
:1090C000304602F011F95246059B02F01BF80246A9
:1090D00000F07EB90020B1F5801F07DA3522304656
:1090E000614602F0BEFD06466FF0340000EB2150F1
:1090F00024E00000FFFF1F00FFFF0F000000F03F13
:109100000000F07F0000404301FCFFFFBE4800006C
:109110000000F0FF0000F0BF0000E0410000F0435D
:10912000FFFFEF3F5555D53F0000E03F4715F73FA4
:10913000FE822B6544DF5DF80BAE543EA0F2FF309B
:109140000190C1F3130040F07F6141F04051029162
:10915000FE498842D8BF002004DDFD498142C8BFD6
:10916000012001DD0D9008E000200D900198401CC9
:1091700001900298A0F5801002900299F548784479
:109180000B910D9900EBC100D0E900230F933046FD
:109190000A920B9902F0A8F8CDE90601DDE90A214F
:1091A00030460F9B01F028FB02460B460020EA499F
:1091B00001F0DEFB059102460B460090DDE9060159
:1091C00001F0C4FD1490E5488A464FF00008784449
:1091D0000299006812904FF0005040EA61010D982A
:1091E0000F9B01EB804000F5002109910A9A12982B
:1091F00002F07AF832460B9B01F084FF4246534658
:1092000001F0A4FD0646029140465146099B129A80
:1092100001F09CFDDDE9062301F074FF3246029B5C
:1092200002F062F8059B009A01F090FD0091149AFB
:10923000049053461046194601F088FD0646024642
:10924000C7480B46029106217844FAF791FFCDE911
:109250000510029B32461046194601F077FDDDE904
:10926000053201F073FD0591064653464046194606
:10927000149A01F0C1FA009B049A01F067FD32468E
:10928000059B01F0B9FACDE9051042465346104658
:10929000194601F05BFD0022B24B02910A9001F0E9
:1092A000ABFADDE9053201F0A7FA0E464246AD4BB6
:1092B000404602F019F8029B0A9A02F015F8DDE91F
:1092C000053201F01FFF424602910A9033461046D4
:1092D000514601F03BFDCDE906015346149A02992F
:1092E0000A9801F033FD8A460290334642460099BF
:1092F000049801F02BFD5346029A01F07DFA824654
:109300000B4602460591DDE9060101F075FADDE93B
:10931000062300208846064601F0E6FF5246059BDC
:1093200001F0F0FE824609914FF060428E4B3046CC
:10933000414601F00BFD049006918C4A8A4B504641
:10934000099901F003FD82460291894A894B304612
:10935000414601F0FBFC5246029B01F04DFA864B60
:109360007B440D9A03EBC203D3E9002301F044FAD6
:109370000E900791019801F082FC0591DDE906133A
:1093800082460E9A049801F037FA7C4A7A440D9B83
:1093900002EBC303D3E900230093029201F02CFAFD
:1093A0005246059B01F028FA002688465246304670
:1093B000059B01F099FF009B029A01F095FF069B27
:1093C000049A01F091FF079B0E9A01F09BFE024662
:1093D00000200B4602903846294601F0B7FC824631
:1093E00001912B4638461946029A01F07DFF32461C
:1093F000434601F0ABFC5246019B01F0FDF90746E4
:109400008A46324643462946029801F09FFC0546AB
:109410000E463A46534601F0EFF9594A88469142C2
:1094200021DBA8EB020353EA000210D12A4633469F
:1094300001F05AFFCDE90401524A534B38465146D8
:1094400001F0DAF9DDE9042301F026FE21D2022041
:10945000F7F7A1FAFAF76BFF0A46214618B062F354
:109460001E01BDE8F08D494B28F000429A4210D30E
:10947000474A08EB020353EA00027FF4C6AD2A46CE
:10948000334601F031FF3A46534601F005FE7FF6C0
:10949000BCAD0022019228F000403E493E4A01EB5B
:1094A0002051824223DA481C4FF4801121FA00F047
:1094B00040443A4AC0F30A517A44394BA1F2FF3191
:1094C000CB4020EA0303C0F3130040F48010C1F145
:1094D0001401C84012680190B8F1000FBCBF4042AF
:1094E00001902846314601F0FFFE05460E462A4609
:1094F00033463846514601F07FF94FF000084246A6
:10950000284B4046059101F021FCCDE90601264A91
:10951000264B4046059901F019FC009102902A461D
:1095200033464046059901F0DFFE3A46534601F0C6
:10953000E9FD1F4A1F4B01F009FC009B029A01F054
:109540005BF90746884602460B4635E08E980300D5
:109550007AB60B00D64400000000F03F3E45000004
:109560003C4400000000084009C7EE3FFD033ADC20
:10957000F5015B14E02F3EBE14430000D84200000A
:1095800000009040FE822B654715973C00CC904030
:1095900000346F3F01FCFFFF0000E03F5442000039
:1095A000FFFF0F00432EE63F396CA80C615C20BE24
:1095B000EF39FAFE422EE63FDDE9060101F01CF923
:1095C000DDE9062305460E4601F08EFE3A46434687
:1095D00001F098FD0F462A46334600901046194682
:1095E00001F0B4FB824602462E4888460B46052110
:1095F0007844FAF7BDFD5246434601F0A7FB2A46E0
:10960000334601F07FFD80468A463B462846314678
:10961000009A01F09BFB3B46009A01F0EDF80691A1
:10962000009000224FF080434046514601F05CFE1E
:109630000F460C90424653462846314601F086FBC1
:109640003B460C9A01F094F9069B009A01F04CFEFF
:109650002A46334601F048FE0022134B01F052FD2A
:10966000054601980E4601EB00510815002810DC54
:1096700028463146019A02F0F4FAFAF723FB04284F
:1096800008BFFAF75BFE28463146019A02F0E9FA74
:1096900005460B4618B02A4658462146BDE8F04D0F
:1096A00001F054BBC44000000000F03F2DE9F35F1F
:1096B0008AB00022484BDDE90A0101F047FB474A26
:1096C000474BCDE9040101F053F90022454BCDE9A8
:1096D0000601FBF781FD06460F4600221346304681
:1096E000394601F0F7FA07D200223E4B30463946A0
:1096F00001F082F806460F4600223B4B30463946C1
:1097000001F036F9CDE9060101F08AFA834600221C
:10971000354B30463946FBF75FFD8046894640466B
:10972000494601F07DFA8246504601F0A8FA4246C9
:109730004B46CDE9060101F0E5FCCDE908012B49D6
:109740000AF1010001EBC00103C9CDE90201DDE925
:10975000082301F0FBFACDE9060100202449DDE9E8
:10976000082301F0C1FDCDE90201204800EBCA0049
:1097700003C8CDE90001DDE9022301F0E7FACDE9F4
:109780000401DDE9062301F037F804460D46BBF17C
:10979000010F06D0BBF1020F0AD0BBF1030F14D1A9
:1097A00009E0CAF15900114901EBC00030C80CE0D2
:1097B00085F0004509E0CAF159000C4901EBC000F1
:1097C000D0E9004080F0004500BF00BF2046294698
:1097D0000CB0BDE8F09F000000806640182D445496
:1097E000FB210940008076400080564068BD00089B
:1097F0000000F03F2DE9F04F91B004460D461646AB
:109800001F4632463B460020A14901F09FFA002244
:109810004FF08043CDE90E012046294601F096FA2B
:1098200000229C4BCDE90A0100F0E6FFCDE90C01D6
:10983000DDE90E2300F0E0FF80468946964A974B0B
:109840002046294601F082FA32463B46CDE908011E
:1098500001F07CFA32463B46CDE90C018E48904936
:1098600001F074FA32463B46CDE9080101F06EFA88
:10987000CDE90A01DDE90C2300F0BEFF42464B466C
:10988000CDE90E0100F0B8FF8046894625F0004082
:10989000CDE90A4020460B9900F02EFD7E4A804B10
:1098A000CDE90C0101F052FA42464B46CDE90E01DA
:1098B00000F0A2FF8046894600224FF080432046F8
:1098C000294601F043FA774A774BCDE9000101F0D0
:1098D0003DFACDE90201FFF7E9FE0022734BCDE925
:1098E000040101F033FA0022714BCDE90801204652
:1098F000294601F02BFA6B4A6B4BCDE9000101F0D0
:1099000025FACDE90201FFF7D1FE0022674BCDE930
:10991000040101F01BFACDE90601DDE9082300F09E
:109920006BFF00224FF08043CDE90A0101F00EFAEF
:109930000022574BCDE90C0101F01AF842464B4684
:10994000CDE90E0100F058FF8046894632463B467D
:1099500000204FF0804101F0F9F90022554BCDE98C
:109960000E012046294600F047FFCDE90C01DDE954
:109970000E2300F041FF82468B46474A474B204664
:10998000294601F0E3F932463B46CDE9080101F0F2
:10999000DDF9414A414BCDE90C012046294601F051
:1099A000D5F922462B46CDE9080101F0CFF9CDE9E2
:1099B0000A01DDE90C2300F01FFF52465B46CDE9AA
:1099C0000E0100F019FF82468B4625F00040CDE9DC
:1099D0000A4020460B9900F08FFC2F4A2F4BCDE90F
:1099E0000C0101F0B3F952465B46CDE90E0100F0DF
:1099F00003FF82468B460022254B2046294600F075
:109A0000B7FF284A284BCDE9000101F09FF9CDE9C5
:109A10000201FFF74BFE0022274BCDE9040101F0C4
:109A200095F9204A204BCDE908012046294601F04E
:109A30008DF9CDE90201FFF739FE00221B4BCDE97C
:109A4000040101F083F9CDE90601DDE9082300F006
:109A5000D3FE00224FF08043CDE90A0101F076F9F0
:109A600000220B4BCDE90C0100F082FF52465B4611
:109A7000CDE90E0100F0C0FE82468B461A98C0E97F
:109A800000891B98C0E900AB11B0BDE8F08F000061
:109A900000000840000059C09A9999999999B93FD6
:109AA0009999C93F182D4454FB21094000003440C6
:109AB0000000184000C072400000444010B5F9F7A3
:109AC000D9FA006803218177F9F706FC10BD70B55B
:109AD000034600201C7C04F00104D4B916E0DD68C4
:109AE0001C68645D0C54DC68641C5D68B4FBF5F6AE
:109AF00005FB1644DC60401CD3E90254AC4205D19E
:109B00001C6924F00104641C1C6101E09042E6D34E
:109B100000BF00280BDD1C7CC4F340043CB11C6971
:109B200024F002041C611C6924F004041C6170BD53
:109B300070B5034600202AE00C5C9E681D68AC5599
:109B40001C7CC4F3400444B1D3E90245AC4204D1C7
:109B50001C6924F00404241D1C619C68641C5D685D
:109B6000B4FBF5F605FB16449C60D3E90245AC4214
:109B700004D11C6924F00204A41C1C611C7C04F0A8
:109B800001041CB11C6924F001041C61401C9042BA
:109B9000D2D31C7CC4F380040CB19C68DC6070BD23
:109BA00000B5024612B94FF0FF3000BD9068516811
:109BB000884201D10020F8E750689168884203D2BA
:109BC00090685168401AF0E7104600F015F85168A7
:109BD0009368C91AC1EB4000E7E730B5044614B9F1
:109BE0004FF0FF3030BD204600F006F80546204615
:109BF000FFF7D6FF281AF5E7014611B94FF0FF30FD
:109C000070470868FCE7014611B94FF0FF30704714
:109C100000204860886000BFF9E72DE9F041044664
:109C20000F461646002504B11FB94FF0FF30BDE8BE
:109C3000F0816068A16888421AD22046FFF7B0FF21
:109C4000B04201D3304602E02046FFF7A9FF0546A7
:109C5000204600F041F8E16800EB01082A46414641
:109C60003846F6F757FD6068284460602846DEE70E
:109C70002046FFF7C1FF6168C1EB4000B04210D938
:109C80003546204600F028F8E16800EB01082A4636
:109C900041463846F6F73EFD606828446060284635
:109CA000C5E72046FFF7A8FF6168C1EB40052046E5
:109CB00000F012F8E16800EB01082A4641463846F8
:109CC000F6F728FD00206060721B79192046FFF727
:109CD000A4FF05442846AAE7014611B94FF0FF301A
:109CE000704748680A68904203D348680A68801A37
:109CF000F6E74868F4E72DE9F04104460F461546BB
:109D0000002604B11FB94FF0FF30BDE8F0812046B6
:109D1000FFF763FFA84202D26FF00100F5E7A068E9
:109D20006168884234D32046FFF766FFA168C1EB23
:109D30004006AE4218D3204600F03AF8E16800EB46
:109D400001082A4639464046F6F7E4FCA068284454
:109D5000A0602046FFF750FF4000A168884201D86C
:109D60000020A0602846D0E7204600F021F8E168F6
:109D700000EB0108324639464046F6F7CBFC00209E
:109D8000A060AA1BB9192046FFF7B5FF3044BCE715
:109D9000204600F00DF8E16800EB01082A4639463C
:109DA0004046F6F7B7FCA0682844A0602846ACE718
:109DB000014611B94FF0FF30704788680A68904239
:109DC00003D388680A68801AF6E78868F4E7000019
:109DD0000549096801600449091D09684160024993
:109DE0000831096881607047E0F7FF1F70B50446CD
:109DF0000D4604482A46214603680348FAF7AFFA9D
:109E000070BD0000400000201C06002070B5054613
:109E10000C462846F6F756FC064631462846F9F722
:109E2000FFFD0548047000200349487000F0F8FA6F
:109E300001494860012070BD9C1100202DE9F047C8
:109E400088B01848D0E90C450146D1E90E67486949
:109E500001F034FB8046134804AAF0C2007ECDE92D
:109E6000008102900F48038A0F4A80210F48F6F7BD
:109E700067FA4FF400710E48F6F7EDFC0C490B48F9
:109E800000F0FCFB0948F6F73CFC4FF6FF7101EAD5
:109E9000400A52460649074800F00CFA08B0BDE8EF
:109EA000F0870000C8050020B4DA0008BC110020CB
:109EB000BC120020F02900202DE9F04FA1B004468B
:109EC000802101A8F6F7C7FC002500260027A84638
:109ED000A946AA46AB46607808B9022520E060781A
:109EE000012801D102261BE06078022801D1022757
:109EF00016E06078032802D14FF0020810E0607885
:109F0000042802D14FF002090AE06078052802D146
:109F10004FF0020A04E06078062801D14FF0020BEE
:109F20000020F8F701F9607840B16078012805D089
:109F30006078022802D06078032840D1802101A8EF
:109F4000F6F789FC3B4842783BA101A8F6F7CAF92D
:109F50002B4601AA00210846F8F79EFB802101A8A4
:109F6000F6F779FC3348027837A101A8F6F7BAF979
:109F7000334601AA10210020F8F78EFB802101A8AA
:109F8000F6F769FC2B48827833A101A8F6F7AAF905
:109F90003B4601AA20210020F8F77EFB802101A882
:109FA000F6F759FC2348C2782FA101A8F6F79AF9D1
:109FB000434601AA30210020F8F76EFB34E06078B8
:109FC000042805D06078052802D0607806282BD1B7
:109FD000802101A8F6F73FFC27A101A8F6F782F936
:109FE0004B4601AA00210846F8F756FB802101A83C
:109FF000F6F731FC0F4A121D22A101A8F6F772F9FB
:10A00000534601AA10210020F8F746FB802101A841
:10A01000F6F721FC1DA101A8F6F764F95B4601AA39
:10A0200020210020F8F738FBF8F7F6FA21B0BDE858
:10A03000F08F0000EC290020D0C4C2CAC9CFCFDE07
:10A040003A2564B4CE000000D0C4C2CACFC2CFDE6D
:10A050003A2564B4CE000000D1AAD1F5CFC2CFDE3C
:10A060003A25642525000000CEC2B6C8C9CFCFDE90
:10A070003A2564A1E600000057494649C5E4D6C325
:10A0800000000000B5E7BBB03A257300CDCBB3F6B6
:10A090000000000010B588B06C4800780E2808D287
:10A0A000DFE800F0070C18283848586D8598A6B3EB
:10A0B00008C8C8E0002065490870C4E0042164A015
:10A0C000F9F7AEFC02206149087000F0A9F95F4978
:10A0D0004860B8E060A0FAF793FD20B103215FA0CB
:10A0E000FFF794FE05E0FAF7DBFD10B10120FDF764
:10A0F000B9FBA8E058A0FAF783FD20B1042159A0CC
:10A10000FFF784FE05E0FAF7CBFD10B10320FDF761
:10A11000A9FB98E050A0FAF773FD20B1052154A0E7
:10A12000FFF774FE05E0FAF7BBFD10B10320FDF761
:10A1300099FB88E048A0FAF763FD20B106214FA003
:10A14000FFF764FE05E0FAF7ABFD10B10320FDF761
:10A1500089FB78E040A0FAF753FD48B107203B495E
:10A1600008700020487000F05BF93849486005E04D
:10A17000FAF796FD10B10320FDF774FB63E0334B53
:10A18000083344A220216846F6F7C0F86846F6F77F
:10A1900099FA044621466846F9F742FC30B1082096
:10A1A0002A49087000F03CF9284948604BE03DA07E
:10A1B000FAF726FD18B109202449087009E0FAF7DA
:10A1C0006FFD30B10720FDF74DFB012136A0F9F7F7
:10A1D00027FC38E01D4A918B9069F9F721FC30B1DA
:10A1E0000A201A49087000F01BF9184948602AE053
:10A1F00001212DA0F9F714FC30B10B201349087090
:10A2000000F00EF9114948601DE028A0FAF7F8FCAB
:10A2100048B10C200D4908700020487000F000F98A
:10A220000A49486005E0FAF73BFD10B10720FDF749
:10A2300019FB08E0002005490870487000F0F0F8AC
:10A240000249486000BF00BF08B010BD9C1100204B
:10A2500041540D0A000000004F4B000041544530AE
:10A260000D0A000041542B43534D533D310D0A005C
:10A2700041542B434D47463D310D0A0041542B4379
:10A28000534D503D31372C3136372C302C380D0A98
:10A290000000000041542B434D47533D22257322BB
:10A2A0000D0A00003E2000001A0000002B434D471D
:10A2B000533A00002DE9F04104460D4616460D487C
:10A2C0000078A8B90B4800218160C160016141613B
:10A2D0002046F6F7F7F907463A4621460548083082
:10A2E000F6F7E0FA0348856186830120014908708A
:10A2F000BDE8F0819C1100202DE9F04106460F4693
:10A3000000F00CFF041E0D4618BF0120284320F06A
:10A310000040C0F17F6000F1E040C00F0ED0301C63
:10A3200018BF0120384320F00040C0F17F6000F1E9
:10A33000E040C00F04BF0120F6F72DFB2046294660
:10A34000BDE8F08110B5F8F795FE0068012181772E
:10A3500010BD00002DE9F04104460E461546601977
:10A360000C49884207D961190BA0F5F7AFFF4FF0F0
:10A37000FF30BDE8F081F7F77BFD002704E020788F
:10A3800030707F1C761C641CAF42F8D3F7F746FD93
:10A390002846EEE70000010872656164206F75745D
:10A3A00072616E676520666C6173682073697A6597
:10A3B0002120616464722069732028307825702917
:10A3C0000D0A00002DE9F04705460F461646A5F197
:10A3D00000694FEA99284FF0006000EB882AB5F138
:10A3E000006F04D305EB46000C49884201D3BDE859
:10A3F000F087F7F73DFD5046F7F7D0FC002407E063
:10A4000037F8141005EB4400F7F712FD601C84B216
:10A41000B442F5DBF7F702FD00BFE8E700000108F2
:10A4200001480068704700005C00002010B586B04D
:10A43000044601210420F9F765F901214804F9F7E0
:10A4400051F90420ADF8140003208DF816001820EF
:10A450008DF8170005A91C48F7F74AFD0820ADF84C
:10A46000140004208DF8170005A91748F7F740FDE0
:10A4700026208DF8000003208DF801008DF80200E1
:10A4800001208DF803006846F8F7A0FF0194002032
:10A49000ADF80800ADF80A00ADF80C00ADF81000FA
:10A4A0000C20ADF80E0001A90848F9F769FB01225C
:10A4B00040F225510548F9F73EFB01210348F9F721
:10A4C000F7FA06B010BD000000080140004400404B
:10A4D00000B587B001210820F9F714F9012188049B
:10A4E000F9F700F94FF48060ADF8180003208DF8FB
:10A4F0001A0018208DF81B0006A91D48F7F7F8FC74
:10A500004FF40060ADF8180004208DF81B0006A978
:10A510001748F7F7EDFC27208DF8040003208DF88D
:10A5200005008DF8060001208DF8070001A8F8F756
:10A530004DFF4FF4165002900020ADF80C00ADF81E
:10A540000E00ADF81000ADF814000C20ADF81200AC
:10A5500002A90848F9F714FB012240F225510548E9
:10A56000F9F7E9FA01210348F9F7A2FA07B000BDAB
:10A57000000C014000480040F8B505460E4615A005
:10A580000068009000240DB9601EF8BD00241CE096
:10A5900000BF1148008800F040000028F9D0295D74
:10A5A0000D48F9F75EFB022C0ED3285DFF280BD176
:10A5B00000BF0948008800F040000028F9D09DF84D
:10A5C00000100548F9F74DFB641CB442E0D3304657
:10A5D000DBE70000550000000048004010B586B0E1
:10A5E0000446012144F20400F9F78CF84FF400709E
:10A5F000ADF8140003208DF8160018208DF8170010
:10A6000005A91C48F7F774FC4FF48060ADF81400FE
:10A6100004208DF8170005A91648F7F769FC2520D6
:10A620008DF8000003208DF801008DF80200012054
:10A630008DF803006846F8F7C9FE01940020ADF8D4
:10A640000800ADF80A00ADF80C00ADF810000C20C1
:10A65000ADF80E0001A90848F9F792FA012240F27C
:10A6600025510548F9F767FA01210348F9F720FA5F
:10A6700006B010BD000801400038014010B5024688
:10A6800000200AE032F810301B0A01F8103012F8EE
:10A69000104043005B1CCC54401C32F81030002B9F
:10A6A000F0D101F8103010BD10B52C48008A2C49AB
:10A6B00048602A49486901F0ADF82949886027486F
:10A6C000007EC8602548D0E90E21104600F062F8EF
:10A6D000234908622149D1E90C21104600F05AF8BB
:10A6E0001F4948621F48407848611E4800788861C9
:10A6F0001C488078C8611B48C07808611748007EF4
:10A70000C860164890F8400008B9012000E0002019
:10A7100013490870114890F8410008B1012000E089
:10A7200000200F4948700D4890F8420008B1012000
:10A7300000E000200A49C870084890F8430008B1BA
:10A74000012000E0002006498870084605494A6853
:10A7500082628A68C262C968016310BDC8050020B0
:10A76000981B0020EC29002010B500290AD0087899
:10A77000002807D005487844F6F7C0F8002801D033
:10A78000002010BD0248784410BD0000BA3300001C
:10A79000B233000021F00042A2F16052B2F5801FF6
:10A7A00001F0004328BFD2F17F6C0BD95FEA001C97
:10A7B00043EAC20242EB507018BF704728BF20F036
:10A7C00001007047B2F5801FBCBF184670474FEAC2
:10A7D000410C1CF5001F02D2084601F062B970B5A9
:10A7E00000F05EFB00000089FFF7F6BF4FF000406D
:10A7F000A0F580007047000010B591EA030F48BF34
:10A8000083F0004300F17885841A71EB030C05D2C4
:10A81000121943EB0C03001B61EB0C01DFF824E180
:10A820004FEA1154A4EB135C1EEA430F18BF9EEAD3
:10A83000445F73D023EA0E03DCF1200E21EA0451B9
:10A8400043F4801332D322FA0CFE10EB0E0023FAED
:10A850000CFE41EB0E01CCF1200E03FA0EFE10EBC4
:10A860000E0051F10001B1F5801FCCF1200E32D263
:10A8700001EB045112FA0EF2BDE8104058BF7047C8
:10A88000401C38BF5FEA420218BF7047002814BF5F
:10A8900020F0010041F100014FEA410313F5001FD0
:10A8A00038BF7047A1F1C04100F0F0BB012A43EB73
:10A8B0000302ACF1200CDCF11F0E32BF4FF0000E92
:10A8C00023FA0CF310EB030041EB0451B4EB115FDE
:10A8D000D0D0A1EB045101F5801149085FEA3000A6
:10A8E00001EB04510ED350F1000038BF12FA0EFEF6
:10A8F00008D1BDE81040C9E7401C38BF5FEA4202FA
:10A90000CAD1C3E7BDE810404FEA410313F5001F69
:10A9100038BF7047A1F1C04100F0B8BB9EEA445F68
:10A9200008D011EA5E0FBDE8104004BF01F00041FD
:10A9300000207047BDE8104070B500F0B1FA00BFCC
:10A9400064FBBE3E0000E0FF02494FF0000001F052
:10A9500056B900BF0000F87F491058BFC1F140410F
:10A960005B1058BFC3F140438B42EFF30080704748
:10A970002DE9C04130B4DFF8A0C23CEA111418BF81
:10A980003CEA131400F0EC8081EA03051CEA111480
:10A9900044EAD57418BF1CEA131500F0C780A4EB75
:10A9A00005044FF0004545EAC12145EAC32341EAC9
:10A9B000505143EA525304F17F74994204F5003434
:10A9C0004FEAC0204FEAC22208BF904200F09C80AC
:10A9D0004FEA13650FF24016765D4FEA134506FB0A
:10A9E00005F7C7F1807706FB07F74FEAD737A7FBD4
:10A9F00003687642C8F58038A7FB06CE38BFA8F1B9
:10AA0000010807FB08E64FF0000EA6FB028CE6FBF0
:10AA100003CEDCF1000CCEF1004E38BFAEF1010EDA
:10AA2000A6FB0C584FF000074FF00005E6FB0E8721
:10AA3000A1FB08C6A0FB07CE16EB0E0645F10005EC
:10AA4000E1FB076515F1E04E7EBFA4F580345FEAB7
:10AA500046066D4116F1800745F100054FEA1727BC
:10AA60004FEA066647EA0567A6F1DE46B6F1805F63
:10AA70004FEA15251FD9384624F0010C05EBC471A7
:10AA8000BCF1FE6F01EB0C1102D8F0BCBDE80081F7
:10AA900024425CBF01F5801E9EEAC47F02D4F0BC54
:10AAA000BDE80081244238D4F0BCA1F1C041BDE82A
:10AAB000004100F0EBBA4FEAD22242EA43524FEA99
:10AAC000D323A7FB02864FEAD02040EA415007FB80
:10AAD00003661EEA0E0F4FEAD12105FB026658BF3E
:10AAE000A6EB0056B6EB00564FEA520E4EEAC37E76
:10AAF00018EB0E0E56EB530EBDD518EB02085E4157
:10AB00007F1C55F10005B6E74FF480154FF00007A4
:10AB10004FF000064FF00008ADE7F0BC4FF000002A
:10AB200001F1C04101F00041BDE8008111EA0C1FB4
:10AB30000CEA131500D00CE013EA0C1F00F025807E
:10AB40004FF00000F0BC81EA030101F00041BDE8D4
:10AB50000081F0BCBDE8004181EA030100F096BA33
:10AB6000F0BCBDE8004170B500F09AF9097EFC3EEA
:10AB700000F007B881EA03014FF0000001F0004146
:10AB8000704781EA030100F081BAF0BCBDE80041E2
:10AB90004FF0000021497047FFFDFBF9F7F5F4F293
:10ABA000F0EEEDEBE9E8E6E4E3E1E0DEDDDBDAD868
:10ABB000D7D5D4D3D1D0CFCDCCCBCAC8C7C6C5C4C6
:10ABC000C2C1C0BFBEBDBCBBBAB9B8B7B6B5B4B3DD
:10ABD000B2B1B0AFAEADACABAAA9A8A8A7A6A5A4C8
:10ABE000A3A3A2A1A09F9F9E9D9C9C9B9A9999988C
:10ABF0009797969595949393929191908F8F8E8E2F
:10AC00008D8C8C8B8B8A89898888878786858584BB
:10AC100084838382828181800000FF070000F87FA7
:10AC20004FEA41034FEA5353A3F58063D3F11E0368
:10AC3000C8BFD3F1210C0CDD4FF0004242EAC12223
:10AC400042EA505232FA03FC8CEAE17CACEBE17050
:10AC50007047102BC4BF0020704703F5787CBCF10F
:10AC6000FF3F04D06FF0004282EA2100704770B5C8
:10AC700000F016F94992248000207047F2E710F0A6
:10AC8000004248BF4042B0FA80F310FA03F10AD004
:10AC9000C3F11D0303F580634FEA415002EB0352F9
:10ACA00002EBD12170474FF000007047B0FA80F3FB
:10ACB00010FA03F10AD0C3F11D0303F580634FEAD4
:10ACC00041504FEA035202EBD12170474FF0000090
:10ACD0007047000051EA030C17D41CF5801F58BFC1
:10ACE000BCF5801F00F10680994218BF704708BF6D
:10ACF0009042704707D711F5801F58BF13F5801F8A
:10AD000019D499427047894270471CF5801F08D5B5
:10AD1000BCF5801FF7D58B4218BF704708BF824231
:10AD200070474FF4001C1CEB410F38BF1CEB430F66
:10AD300001D28B42704770B500F0B2F892244900FE
:10AD40004FF000514FF08053FFF706BEDFF848C1C7
:10AD500070B51CEA111E1EBF1CEA13159EEA0C0FEB
:10AD600095EA0C0F00F06F8081EA030423EA4C138C
:10AD70004EEAD47E21EA4C1141F4801143F4801351
:10AD8000AE44A1FB024CA0FB0365AEF17F7E3619F9
:10AD900055EB0C05A1FB034C4CF10003A0FB021C7E
:10ADA00016EB0C06654153F10003094218BF46F04B
:10ADB000010613F4007F0BD14FEA03314FEA05304F
:10ADC000340341EA155140EA16506FF003020AE0DD
:10ADD0004FEAC3214FEAC520F40241EA555140EA47
:10ADE00056506FF0020202EB2E4201EB025585EA4B
:10ADF000CE710AD05FEA440C18BF24F0004450F131
:10AE0000000041F1000120EAD47040F2FE7C62456E
:10AE100000D270BDA84214BF4FF080444FF04044B0
:10AE2000002E08BF0024BEF1806FA8BFA1F1C04171
:10AE3000BDE8704080F22A814FF0000001F1C0416E
:10AE400001F0004170479EEA0C0F0CEA131518BF81
:10AE500095EA0C0F06D04FF0000081EA030E0EF0C9
:10AE6000004170BD00F01CF88900013E00F007B8F9
:10AE700000F009B84FEA430C5FEA5C5C08D081EA55
:10AE8000030100F003B94FEA410C5FEA5C5CF6D1C4
:10AE90004FF00000014970470000FF070000F87FF5
:10AEA0000EF1020E2EF0030E5EF8046B364205D44E
:10AEB000012A43EB030515F5001F12D8012841EBC9
:10AEC000010C1CF5001F0CD80ED14FEAD17C15F5F2
:10AED000001F0CEB4C0C0CF1020C08BF4CEBD37CAC
:10AEE00004E04FF0080C01E04FEAD37C0CEB4C057A
:10AEF00026FA05F606F00706B6F1040C06D20EEBAC
:10AF0000860CBDE870404CF0010C6047DFE80CF0A7
:10AF1000090B02024FF000414FF00000A1F50021A3
:10AF200070BD19461046012851EB010418BFD4F535
:10AF3000001484BF002001F0004170BDDFF844C15F
:10AF400070B53CEA111418BF3CEA131500F08F806D
:10AF500011F1004F1CEA13150CEA111468BF45F0FB
:10AF6000050518BF11EA0C1F00F079802E4621EA72
:10AF70004C1123EA4C1341F4801143F48013A5F5DE
:10AF80008035AC423DDD801A9941A4F5803609D563
:10AF90004042C1F1000134BFB1F10101B1F1000142
:10AFA00085F0010511F4F01F08D011F4801FE8D1DD
:10AFB000400041EB0101A4F58034F6E721F00041A7
:10AFC000B1FA81F6202E04BFB0FA80FE0EF1200601
:10AFD000A6F10B06B6F1200EA4EB06440CD2C6F186
:10AFE000200E01FA06F120FA0EF641EA0601CEF132
:10AFF000200600FA06F003E000FA0EF14FF0000020
:10B00000BFE750EA410E23D04FEA244EBEEB254F56
:10B010000FDB994208BF904204D00AD3520043EBA1
:10B020000303B0E74FEA1646B6EB144F08BF85F0AE
:10B030000105B4F5803401EB041181EAC57100DB30
:10B0400070BD01F1C0414FF0000001F0004170BD42
:10B050004FEA45714FF0000001F0004170BD1CEA5D
:10B06000131F09D04FF0000001F0004170BDFFF741
:10B0700017FF00BFEDFFFF3EBDE870404FF000003E
:10B08000014970470000FF070000F87F0808A0F59D
:10B0900000114FEA3101704753EA010C17D41CF537
:10B0A000801F58BFBCF5801F00F106808B4218BF7F
:10B0B000704708BF8242704707D713F5801F58BFFB
:10B0C00011F5801F19D48B4270479B4270471CF5C5
:10B0D000801F08D5BCF5801FF7D5994218BF70476F
:10B0E00008BF904270474FF4001C1CEB430F38BF61
:10B0F0001CEB410F01D2994270470FB40CBC03BC4A
:10B10000FFF719BE91EA030F10B581F000413FF53A
:10B110007BAB83F0004300F0EFB800002DE9F04175
:10B1200001F5801CBCF5001FC0F2C3804FEA115C22
:10B1300021EA0C510CF1FD0C41F480115FEA5C0C2A
:10B140000CF5C07C01D3400049413DA4890241EA8D
:10B15000905187028E0E0A0CA45D04FB04F602FBDC
:10B1600006F6C6F14046A4FB0662F60D46EA422604
:10B1700006FB06F4A4FB01235242C3F1404338BF4F
:10B180005B1EA6FB02420024E6FB0324D20B42EA2C
:10B190004446A6FB0623A1FB02E2A3FB07E4A41896
:10B1A0004FF0000252F10002E3FB01426442C2F19F
:10B1B000404E38BFAEF1010EA6FB04234FF0000253
:10B1C000E6FB0E32A2FB03464FF00004B61954F121
:10B1D0000004E2FB0264A1FB06E6A4FB07E816EB11
:10B1E00008064FF0000858F10008E4FB01687642B9
:10B1F000C8F1405838BFA8F10108A2FB06E4A3FB40
:10B2000008E52D194FF0000454F10004E2FB085446
:10B21000A1FB05E6A7FB04E818EB06084FF00006C3
:10B2200056F10006E1FB048618F1200556F10006F0
:10B23000A809A8F11B08B10908F03F08B8F10A0FE6
:10B2400040EA86601CD901EB0C51BDE8F08100BFDB
:10B25000FCF5EEE8E2DDD8D3CFCBC7C3C0BDB9B6AD
:10B26000B4B1AEACA9A7A5A3A19F9D9B9A989695B2
:10B270009392908F8D8C8B89888786858483828139
:10B28000A0FB006800FB01F208EB4208B8EB87283E
:10B2900007D5341858EB0104D5D5401C51F10001F5
:10B2A000D1E7341A78EB0104CDD4401E71F10001CE
:10B2B000C9E75FEA4C0C5FEA9C5C0DD105D34FF007
:10B2C000000001F00041BDE8F081BDE8F04170B53B
:10B2D000FFF7E6FD6DDBFFBEBDE8F0414FF000007B
:10B2E000004970470000F87F10B591EA030F48BF8E
:10B2F00083F000433FF588AA841A71EB030C07D250
:10B3000012198CF0004C43EB0C03001B61EB0C0199
:10B31000DFF8A4E14FEA1154A4EB135C1EEA430FDB
:10B3200018BF9EEA445F00F0B08023EA6E035242E9
:10B3300021EA0451C3EB6E0338BF5B1EDCF1200E23
:10B3400025D322FA0CFE10EB0E0043FA0CFE41EB63
:10B350000E01CCF1200E03FA0EFE10EB0E0051F19F
:10B360000001CCF1200E29D412FA0EF201EB0451A7
:10B37000BDE8104058BF7047401C1CBFB2F1004FE1
:10B38000704700280CBF491C20F00100704712EBE9
:10B39000020E43EB030218BF4FF0010E4EEA4202C9
:10B3A000ACF1200CDCF11E0E54D943FA0CFE10EB6C
:10B3B0000E0051F1FF31CCF11E0ED5D50EF1010E6C
:10B3C00012FA0EFE404141EB010101EB445C5FEAE1
:10B3D0005C5C10D910EBDE7001EB045138BFBEF19C
:10B3E000004FBDE8104018BF704700280CBF491C33
:10B3F00020F00100704730D24FEAD42C11F5001133
:10B4000024F400641BD0B1FA81F20B3AA41AA41EF2
:10B41000D2F12003914030FA03F31943904001EB3D
:10B42000CC71002C01EB0451BDE81040A8BF70475F
:10B4300001F1C0414FF0000001F000417047B0FA47
:10B4400080F310FA03F100D110BDE41A173C48054F
:10B45000C90AE4E701EB045110BD491001EB0451A6
:10B46000BDE810404FEA300002E04FF000017047A5
:10B470004A0008BF0042F8D0B2F5001F28BF70474D
:10B4800001F000414FF0000070479EEA445F07D092
:10B4900011EA5E0FBDE8104004BF00210020704794
:10B4A000BDE8104070B5FFF7FBFC00BF40DFF63E83
:10B4B00083F00041104670470000E0FF43004FEA70
:10B4C000D30C4FEA3C0C43401FBF40070CF16051C6
:10B4D00013F0FE4F70471CF0006F03D100200CF0FA
:10B4E000004170470CF0004343EA507010B540EA49
:10B4F000CC0000F090FA00BF000000924FEA00017B
:10B50000FFF7C4BD4FF000414FF00000A1F500214E
:10B510007047000090EA010F48BF81F0004100F140
:10B52000FE82421A3CBF801A89184FEAD0524FF06F
:10B530007F4C1CEA410FA2EBD15318BF9CEA026F6B
:10B5400000F03B804FF0004C4CEA00204CEA012117
:10B5500021FA03FC10EB0C0C1ED202F1FF325FEA61
:10B560001C2040EBC25038BF70471CF07F0F4FEAE1
:10B57000400C18BFBCF17F4F38BF7047C3F12003A8
:10B58000994008BF20F00100BCF17F4F38BF7047E1
:10B59000A0F1C04000F085BA4FEA3C00000A40EB41
:10B5A000C25028BF1CF0FF0F4FEA400CE6D018BF76
:10B5B000BCF17F4F38BF7047EAE79CEA026F05D0C5
:10B5C00010EA5C0F08BF00F00040704710B500F0B3
:10B5D00022FA00BF64FBBE3E401058BFC0F140409D
:10B5E000491058BFC1F140418142EFF300807047DC
:10B5F0004FF47F0C1CEAD0121EBF1CEAD11392EA52
:10B600000C0F93EA0C0F00F0858090EA010F48BF01
:10B6100042F4807240F4000C41F400002CF07F41B1
:10B6200020F07F4000B58142A2EB03020FF2081C1C
:10B63000ACEB504EC0F100009EF800E04FEA4E0E19
:10B6400000FB0EFC38BF49004FEA2C1C02F5FA0241
:10B650000CFB0EF34FEACE1E4FEA112C4FEAC1212C
:10B660000EEB635E42EB22420EFB0CFC4FEA1C53D6
:10B6700000FB03114FEA112C4FEA01310EFB0CFCC9
:10B680004FEADC4C00FB0C11C14228BF09184CEBFF
:10B6900003335DF804EB10EB410143EBC250B2F50C
:10B6A0007C0F38BF704729D512F0F00F1CBF00F196
:10B6B000C04000F000407047008182838485868707
:10B6C00088898B8C8D8E8F919293959697999A9C61
:10B6D0009D9FA0A2A3A5A7A8AAACAEB0B2B3B5B7D0
:10B6E000B9BCBEC0C2C5C7C9CCCED1D4D7D9DCDFA6
:10B6F000E2E6E9ECF0F3F7FAFE0000004FEA400C56
:10B700000CF1807CBCF17E4F28BF7047B0F1C04087
:10B7100000F0C7B990EA010F0CEAD11348BF42F418
:10B720008072624538BF634507D213F47F0F16D08D
:10B7300080EA010000F00040704710B500F06BF99E
:10B74000097EFC3E00F005B880EA010000F00040F0
:10B75000704780EA010000F0004000F0A2B912F446
:10B760007F0F04BF0248704780EA010000F099B9DA
:10B770000000C07F50EA010C00F113801CF5000F9F
:10B7800058BFBCF5000F01D48842704707D710F5A9
:10B79000000F58BF11F5000F15D488427047894239
:10B7A00070471CF5000F04D5BCF5000FF7D581429A
:10B7B00070474FF0807C1CEB400F38BF1CEB410FF3
:10B7C00001D28142704710B500F025F9922449005A
:10B7D0004FF000504FF08051FFF7FEBE41000B0EBE
:10B7E000D3F19E0208D950F400034FEA032323FA51
:10B7F00002F048BF4042704710B500F00CF900BF9E
:10B8000049922480002070476FF0004282EA2000B5
:10B8100070470000C10DD1F19E0206DB4FEA002304
:10B8200043F0004323FA02F07047004207D54FEA85
:10B830004001B1F1FE4F02D24FF00000704710B549
:10B8400000F0E9F849922480002070476FEA200058
:10B850007047000010F0004148BF4042B0FA80F34A
:10B8600010FA03F2C3F19D030BD051EAC35101EB6F
:10B870001220530638BF704700F1010008BF20F0C6
:10B8800001007047B0FA80F310FA03F2C3F19D0390
:10B890000AD0D90501EB1220530638BF704700F1DA
:10B8A000010008BF20F001007047000050EA010CC1
:10B8B00000F113801CF5000F58BFBCF5000F01D438
:10B8C0008842704707D710F5000F58BF11F5000FD9
:10B8D00015D488427047894270471CF5000F04D583
:10B8E000BCF5000FF7D5814270474FF0807C1CEB10
:10B8F000400F38BF1CEB410F01D28142704710B599
:10B9000000F089F8922449004FF000504FF0805128
:10B91000FFF762BE4FF47F0C1CEAD0121EBF1CEA78
:10B92000D11392EA0C0F93EA0C0F00F0478090EAD3
:10B93000010F48BF42F480724FF0004C4CEA0020E7
:10B940004CEA012102EB0302A0FB0113A2F5000265
:10B95000002918BF43F001035B0028BF4FEA3303FF
:10B9600042EB22425FEA132C4CEBC2502EBFBCEBE1
:10B97000436FB2F57C0F70474FEA036CBCF1004F88
:10B9800008BF20F00100B2F57C0F38BF70470BD51F
:10B9900082F0FF0212F5803FC8BF704700F1C0403F
:10B9A000D8BF00F00040704700F5000C5FEA4C0C77
:10B9B00048BF7047B0F1C04000F073B890EA010F83
:10B9C0000CEAD11348BF42F48072624538BF634528
:10B9D00004D280EA010000F00040704710B500F08A
:10B9E0001AF800BF8900013E00F007B800F009B85E
:10B9F0005FEA410C5FEA1C6C08D080EA010000F0AD
:10BA000050B85FEA400C5FEA1C6CF6D14FF0004082
:10BA1000A0F5800070470EF1020E2EF0030E5EF8C6
:10BA2000044B244204D44FEA4102B2F17F4F11D8B3
:10BA30004FEA4003B3F17F4F0CD80ED14FEAD07CD0
:10BA4000B2F17F4F0CEB4C0C0CF1020C08BF4CEB2D
:10BA5000D17C04E04FF0080C01E04FEAD17C0CEB04
:10BA60004C0324FA03F404F00704B4F1040C06D2E6
:10BA70000EEB840CBDE810404CF0010C6047DFE891
:10BA80000CF0070802024FF00040A0F5800010BD46
:10BA90000846420018BFD2F1807288BF00F0004013
:10BAA00010BDFF2141EAD050C005704751EA000C9B
:10BAB00000F113801CF5000F58BFBCF5000F01D436
:10BAC0008142704707D711F5000F58BF10F5000FDE
:10BAD00015D481427047894270471CF5000F04D588
:10BAE000BCF5000FF7D5884270474FF0807C1CEB07
:10BAF000410F38BF1CEB400F01D28842704780EAEB
:10BB0000010081EA000180EA0100FFF7F8BE0000B1
:10BB100090EA010F48BF81F000413FF502AD421AA3
:10BB200004D882F00042A0EB020011444FEAD05248
:10BB30004FF07F4C1CEA410FA2EBD15318BF9CEA97
:10BB4000026F4AD04FF0004C4CEA00204CEA012131
:10BB500021FA03FCB0EB0C0C0FD412F0FE0F36D020
:10BB60005FEA4C001DD5001240EBC25038BF704751
:10BB70001CF03F0F18BF70470BE0A2F101025FEA13
:10BB80001C2040EBC25038BF70471CF07F0F18BF1D
:10BB90007047C3F12003994014BF401E20F00100FC
:10BBA000704780084FEA122308BF7047B0FA80FC44
:10BBB000A2EB0C02CCF1280C60FA0CF093EA122FE5
:10BBC00004BF00EBC25070474FEAC3707047130ABE
:10BBD0005FEADC1008BF7047F6E79CEA026F04D00A
:10BBE00010EA5C0F08BF0020704710B5FFF713FF85
:10BBF00040DFF63E81F000407047F5F704B80CF0E6
:10BC00000F03092B08BF082000F059800A2B0BD026
:10BC1000082B18BF704708BF1CF0400F0AD04FF028
:10BC200000004FF0000170471CF0400F18BF4FF0AC
:10BC3000004070471CF0100F08D020F0704300F057
:10BC40007F4242EAD3014FEA4370704700F0604000
:10BC500021F07F4242EA000201F07F4040EA727028
:10BC600070474FF0FF0C4CF4E06C1CEA11531CBF02
:10BC70009CEA030C9445C2BFDA4201EB02517047C3
:10BC8000002B0DD0BCF1000F0FD0002A01F00041B5
:10BC9000A4BF41F0E04141F07F614FF000007047E8
:10BCA00001F000414FF00000704750EA01334FF0BF
:10BCB0009B0C18BF4CF0806C7EF446AE70471CF4B1
:10BCC000801F11D01CF4E02F03D06FEACC31490063
:10BCD00070474FF04050EFF3008222F0704242EA8A
:10BCE000000282F3008870474FF0000070470000A8
:10BCF0007B34CABA6FEE10BBC55D57BB450C91BB18
:10BD00004DEE9BBB741C45BBE8AC0F3B52B1423CB3
:10BD10006113D83C8D3E383D2017873D9BAFB13D28
:10BD200009EDD53DD248EE3DF5DEF63DD248EE3D7B
:10BD300009EDD53D9BAFB13D2017873D8D3E383D88
:10BD40006113D83C52B1423CE8AC0F3B741C45BB7C
:10BD50004DEE9BBB450C91BBC55D57BB6FEE10BB59
:10BD60007B34CABA000000000000000000000000A0
:10BD700079C9FFE4EFDE913F5E82531F48DEA13FA9
:10BD8000000000000000F03F000000000000000084
:10BD900000000000000000000000000000000000A3
:10BDA0000000000000000000000000000000000093
:10BDB0000000000000000000000000000000000083
:10BDC0000000000000000000000000000000000073
:10BDD0000000000000000000000000000000000063
:10BDE0000000000000000000000000000000000053
:10BDF0000000000000000000000000000000000043
:10BE00000000000000000000000000000000000032
:10BE10000000000000000000000000000000000022
:10BE20000000000000000000000000000000000012
:10BE30000000000000000000000000000000000002
:10BE400000000000000000000000000000000000F2
:10BE500000000000000000000000000000000000E2
:10BE600000000000000000000000000000000000D2
:10BE700000000000000000000000000000000000C2
:10BE800000000000000000000000000000000000B2
:10BE900000000000000000000000000000000000A2
:10BEA0000000000000000000000000000000000092
:10BEB0000000000000000000000000000000000082
:10BEC0000000000000000000000000000000000072
:10BED0000000000000000000000000000000000062
:10BEE0000000000000000000000000000000000052
:10BEF0000000000000000000000000000000000042
:10BF00000000000000000000000000000000000031
:10BF10000000000000000000000000000000000021
:10BF20000000000000000000000000000000000011
:10BF30000000000000000000000000000000000001
:10BF400000000000000000000000000000000000F1
:10BF500000000000000000000000000000000000E1
:10BF600000000000000000000000000000000000D1
:10BF700000000000000000000000000000000000C1
:10BF800000000000000000000000000000000000B1
:10BF900000000000000000000000000000000000A1
:10BFA0000000000000000000000000000000000091
:10BFB0000000000000000000000000000000000081
:10BFC0000000000000000000000000000000000071
:10BFD0000000000000000000000000000000000061
:10BFE0000000000000000000000000000000000051
:10BFF0000000000000000000000000000000000041
:10C000000000000000000000000000000000000030
:10C010000000000000000000000000000000000020
:10C020000000000000000000000000000000000010
:10C030000000000000000000000000000000000000
:10C040000000000000000000002F000000000700BA
:10C05000070000147F147F1400242A7F2A12006234
:10C0600064081323003649552250000005030000E0
:10C0700000001C224100000041221C000014083E68
:10C0800008140008083E0808000000A0600000082E
:10C090000808080800006060000000201008040282
:10C0A000003E5149453E0000427F40000042615140
:10C0B0004946002141454B31001814127F100027DA
:10C0C00045454539003C4A4949300001710905039D
:10C0D00000364949493600064949291E00003636CE
:10C0E0000000000056360000000814224100001431
:10C0F000141414140000412214080002015109060E
:10C1000000324959513E007C1211127C007F49498E
:10C110004936003E41414122007F4141221C007FBF
:10C1200049494941007F09090901003E4149497ACD
:10C13000007F0808087F0000417F41000020404147
:10C140003F01007F08142241007F40404040007FB3
:10C15000020C027F007F0408107F003E4141413EF7
:10C16000007F09090906003E4151215E007F09193F
:10C1700029460046494949310001017F0101003F3C
:10C180004040403F001F2040201F003F4038403FBC
:10C190000063140814630007087008070061514920
:10C1A000454300007F41410000552A552A550000B3
:10C1B00041417F0000040201020400404040404031
:10C1C000000001020400002054545478007F4844C9
:10C1D000443800384444442000384444487F003800
:10C1E0005454541800087E0901020018A4A4A47C29
:10C1F000007F080404780000447D400000408084F3
:10C200007D00007F102844000000417F4000007C3A
:10C2100004180478007C0804047800384444443846
:10C2200000FC242424180018242418FC007C080492
:10C23000040800485454542000043F444020003C6B
:10C240004040207C001C2040201C003C4030403CF2
:10C25000004428102844001CA0A0A07C0044645482
:10C260004C441414141414140000000000000000C6
:10C270000000000000000000000000F800000000C6
:10C28000000000333000000000100C06100C060007
:10C29000000000000000000040C07840C07840006E
:10C2A000043F04043F040400007088FC08300000D0
:10C2B000001820FF211E0000F008F000E018000028
:10C2C00000211C031E211E0000F0088870000000E1
:10C2D0001E2123241927211010160E000000000033
:10C2E0000000000000000000000000E01804020050
:10C2F000000000071820400000020418E0000000C1
:10C300000040201807000000404080F080404000BE
:10C310000202010F01020200000000F00000000014
:10C320000101011F010101000000000000000000E8
:10C3300080B070000000000000000000000000005D
:10C3400000010101010101010000000000000000E6
:10C350000030300000000000000000008060180481
:10C36000006018060100000000E010080810E0005E
:10C37000000F102020100F00001010F80000000027
:10C380000020203F2020000000700808088870006E
:10C3900000302824222130000030088888483000EE
:10C3A0000018202020110E000000C02010F800000E
:10C3B00000070424243F240000F8088888080800A7
:10C3C0000019212020110E0000E0108888180000BC
:10C3D000000F112020110E0000380808C83808008E
:10C3E0000000003F0000000000708808088870000E
:10C3F000001C222121221C0000E010080810E0008F
:10C400000000312222110F00000000C0C000000017
:10C41000000000303000000000000080000000003C
:10C420000000806000000000000080402010080034
:10C4300000010204081020004040404040404000FD
:10C4400004040404040404000008102040800000D8
:10C450000020100804020100007048080808F000DD
:10C460000000003036010000C030C828E810E000AD
:10C470000718272423140B000000C038E000000038
:10C48000203C23020227382008F8888888700000A2
:10C49000203F202020110E00C03008080808380076
:10C4A000071820202010080008F808080810E000ED
:10C4B000203F202020100F0008F88888E80810008E
:10C4C000203F20202320180008F88888E808100062
:10C4D000203F200003000000C0300808083800009A
:10C4E00007182020221E020008F808000008F8089B
:10C4F000203F210101213F20000808F80808000022
:10C500000020203F2020000000000808F808080054
:10C51000C08080807F00000008F888C028180800CC
:10C52000203F20012638200008F808000000000005
:10C53000203F20202020300008F8F800F8F80800FC
:10C54000203F003F003F200008F830C00008F808F6
:10C55000203F200007183F00E01008080810E00006
:10C560000F10202020100F0008F808080808F0001D
:10C57000203F210101010000E01008080810E00040
:10C580000F18242438504F0008F8888888887000D5
:10C59000203F2000030C3020007088080808380075
:10C5A0000038202121221C00180808F8080818006B
:10C5B0000000203F2000000008F808000008F808EC
:10C5C000001F202020201F000878880000C838089D
:10C5D000000007380E010000F80800F80008F80015
:10C5E000033C0700073C03000818688080681808AF
:10C5F00020302C03032C30200838C800C83808002D
:10C600000000203F2000000010080808C83808007B
:10C610002038262120201800000000FE020202001F
:10C620000000007F40404000000C30C000000000CF
:10C63000000000010638C00000020202FE000000F7
:10C64000004040407F00000000000402020204009D
:10C6500000000000000000000000000000000000DA
:10C6600080808080808080800002020400000000C2
:10C6700000000000000000000000808080800000BA
:10C680000019242222223F2008F8008080000000A8
:10C69000003F112020110E0000000080808000006B
:10C6A000000E112020201100000000808088F8007A
:10C6B000000E112020103F200000808080800000AC
:10C6C000001F222222221300008080F08888881810
:10C6D0000020203F2020000000008080808080001B
:10C6E000006B94949493600008F8008080800000B0
:10C6F000203F210000203F2000809898000000008B
:10C700000020203F202000000000008098980000BA
:10C7100000C08080807F000008F8000080808000DA
:10C72000203F24022D302000000808F800000000FF
:10C730000020203F202000008080808080808000BA
:10C74000203F20003F20003F80800080808000004C
:10C75000203F210000203F200000808080800000DA
:10C76000001F202020201F0080800080800000000B
:10C7700080FFA12020110E0000000080808080003A
:10C78000000E112020A0FF8080808000808080002B
:10C7900020203F2120000100000080808080800058
:10C7A0000033242424241900008080E080800000CD
:10C7B0000000001F2020000080800000008080001A
:10C7C000001F202020103F2080808000008080807B
:10C7D00000010E300806010080800080008080800B
:10C7E0000F300C030C300F00008080008080800030
:10C7F0000020312E0E31200080808000008080805B
:10C8000080818E701806010000808080808080000A
:10C810000021302C2221300000000000807C020228
:10C8200000000000003F404000000000FF0000004A
:10C8300000000000FF0000000002027C80000000F9
:10C840000040403F00000000000601010202040415
:10C850000000000000000000C2CE1060028C00004A
:10C86000FE9292929292FE00000004047E01407EAD
:10C8700042427E427E42427E4000AACA1060028C42
:10C8800000FE929292929292FE00000004047E01B9
:10C890004448507F40407F5048444000C8B60000A4
:10C8A000FC242424FC252624FC24242404004030D9
:10C8B0008F80844C55252525554C80808000B6BB43
:10C8C00004244484649C40300FC8080828180000E1
:10C8D00010080601824C201806010618204080002E
:10C8E000ADD3404042CC0000FC040200FC0404FC38
:10C8F00000000040201F20404F4442407F424443FC
:10C900004000B9CA8060F80704E4242424FF2424EA
:10C9100024E404000000FF0080814529112F4141DB
:10C9200081818000C3D30000FE22222222FE222227
:10C930002222FE00000080601F020202027F02022B
:10C9400042827F000000C6BE20C20C8002F212129A
:10C95000FE12FE1212F2020004047E0100FF4A4998
:10C960004848484949FF0000ABBE4458C0FF504CFE
:10C97000004454547F5454544400080601FF0106F7
:10C980000000FF151555957F0000ECBC1010D0FF7E
:10C99000905020504C434C5020404000040300FF76
:10C9A00000414458414E605847404000E2B2106098
:10C9B000028C00FE02F202FE00F800FF00000404F8
:10C9C0007E018047300F10270047807F0000B5CFE1
:10C9D000000022322AA6A262211109810100000072
:10C9E000004222130B42827E02020A1223460000FA
:10C9F000B3CD2030AC63300088C8A8998E88A8C811
:10CA0000880022672212128040300F00003F404011
:10CA10007100A8C51060028C201808C838CF08081B
:10CA20002898000004047E01040201FF4021060A48
:10CA300011204000FBC61060020CC01008272424FF
:10CA400024242404000004047C03000001010101EB
:10CA500001013F40F000B5B30008884828180FE8EE
:10CA6000080808080808000008080909090909FF5A
:10CA70000909090909080800A8B1101010FF109051
:10CA800000FE82828292A29E00000444827F010006
:10CA900000FF80432C102C438000AFBE12EAAFAAE7
:10CAA000EA0FFA02888C5724548C84000202EAAA06
:10CAB000AAABAAABAAAAAAAAEA020200E4BC00F89E
:10CAC000010600F0121212F2020202FE000000FF44
:10CAD0000000001F1111111F0040807F0000F4B8FA
:10CAE00000FE225A8600027A4A4A4A4A4A7A0200DC
:10CAF00000FF04080700FF090B0D790D4B897F002B
:10CB0000A3D01010D0FF9010804828090E082848A4
:10CB10008800040300FF00018080432C102C438018
:10CB20008000BCD700020CE04020F84F4849FE4886
:10CB30004848080004047F000000FF2222223F2210
:10CB400022222000B5D6008060F80704E4A4A4BF28
:10CB5000A4A4E4040000010000FF40407F4A4A4AC8
:10CB60004A4A7F404000CBCD404042CC0000FF49C4
:10CB700049C949497F8000000040201F20405F488C
:10CB80004440414245584000F6B300007C404040DC
:10CB900040FF40404040FC000000007C40404040DE
:10CBA000407F4040404040FC0000CFC02020242473
:10CBB0002424BF64243428242220200010080402E6
:10CBC0003F4544444242424178000000CBC8000047
:10CBD00000000000C03FC0000000000000008040D6
:10CBE00020100C03000000030C1020408000A4CB98
:10CBF000101010FF1090A44424B56EA41444A40097
:10CC00000444827F010008080909FD090B08080097
:10CC1000B9B58060F80704645CC4644400F800FFA0
:10CC200000000000FF002062221F1212004F807FD0
:10CC30000000FDD5000202C2020202FE8282828250
:10CC4000820200004040407F4040407F40404040E2
:10CC500040404000A3B3201808EAACA8A8AFA8A899
:10CC6000ACEA0828180000003E02020202FF02029D
:10CC700012221E000000FDCA90523410FF103452E0
:10CC800080708F0808F80800829A566322528E003E
:10CC90008040330C33408000DDBE1010FF10900048
:10CCA000FE929292F292929E800042827F01806078
:10CCB0001F00FC44474444FC0000ADBE2030AC6380
:10CCC000201880824222121A2642800022672212F5
:10CCD0001212404242427E4242424000B3CE2030D5
:10CCE000AC63201800084848FF48484808002267FD
:10CCF0002212121200020202FF0212221E00C4D0EF
:10CD00000000800000E002041800000040800000E5
:10CD1000100C0300003F40404040407800010E00EE
:10CD2000F8CC003E22E2223E000810FF00FFA010D7
:10CD30000800407E403F22228042310F007F8081E8
:10CD4000F200AAD10000F80808F80C0B08F808084F
:10CD5000F800000040407F40407F4040407F40401E
:10CD60007F404000F5D10824236AAA2AAA6A2A2A09
:10CD70002AEA020200001011151515FF15151511EC
:10CD8000100F3040F800C9B20000041464040CB461
:10CD9000020242330200000040412111090503FF55
:10CDA0000305091121414000AFBC201008FC575475
:10CDB0005455FE5454545404000044442427150D83
:10CDC00005FF050D152525454400D0D60000F010BF
:10CDD000101010FF10101010F000000000000F04E1
:10CDE000040404FF040404040F000000E7B500007D
:10CDF000F888888888FF88888888F8000000000004
:10CE00001F080808087F888888889F80F000B0BBCA
:10CE1000404042CC000020242424FE222322200073
:10CE20000000007F201000FE4242434242FE00000C
:10CE3000CEB400020C80608040300FC8080828186B
:10CE4000000002027E0180402018060106182040E2
:10CE50008000EBC32424A4FE232200C03800FF007E
:10CE600008106000080601FF01068180404027107D
:10CE70000C030000B0C70808E8292E28E80808C8F5
:10CE80000C0BE80808000000FF0949897F00000F2B
:10CE900040807F000000BDB70808080808F8898EA8
:10CEA000888888880808080000804020180700004B
:10CEB0004080403F00000000CFD500FE0222DA068D
:10CEC00010D2565A535A56D2100000FF08100807C5
:10CED00010171515FD1515171000ADB00484E45C8E
:10CEE00044C400BEAAAAAAAABE80000002017F1004
:10CEF000103F020A1242827F02020200E5CC00804B
:10CF000060F807101010D0FFD010101000000100C2
:10CF100000FF1008040B08FF080B04081000E6A12E
:10CF2000060909E6F80C040202020202041E0000CF
:10CF3000000000071F30204040404040201000000B
:10CF4000BDB24040407C404040FF444444444440E3
:10CF50004000809088464040202F101008040200B6
:10CF60000000FDBB202424A4FE232220FC04040492
:10CF700004FC000010080601FF010680631901018E
:10CF80000933C000AECB00202020A06000FF6080ED
:10CF9000402018000000201008060140807F00019A
:10CFA000020408101000D6B7804020908886808048
:10CFB00080838C10204080000080402018070040B3
:10CFC00080403F0000000000C0B700FE0222DA06E9
:10CFD0000808F8898E888888080000FF08100887EC
:10CFE00040300F004080403F0000C0B6402214088F
:10CFF000F40200F80808FF0808F80000084482411D
:10D000003F00206321213F2129336000D3BE00006F
:10D01000FE9292929292F29292929E808000403082
:10D020000F00FC44444447444444FC000000E0BC7E
:10D0300000007E0000FF0040300F04146404000074
:10D0400040407E42427E4242427E42427E4040001A
:10D05000A4BB101010FF109000F888898E88888873
:10D06000F8000444827F8140300F0000000000007F
:10D070000100EDC9000000FC54565554545454FCB2
:10D080000080400040424223222212120A46827F40
:10D0900001000000E9B2404424A4948C84FF848CF5
:10D0A00094A4244440004040405F4A4A4A4A4A4AC5
:10D0B0004A5F40404000CAC20014A4442434AD6614
:10D0C00024940444A414000008090808090909FD6F
:10D0D00009090B0808090800CFC90000000000007A
:10D0E000FF40404040404000000040404040404041
:10D0F0007F404040404040404000DECF00FE225A8A
:10D100008600FE9292929292FE00000000FF0408B8
:10D110000700FF4020030C1422414000C2CF02024E
:10D1200002020202FE020242820202020200000029
:10D1300000000000FF000000000106000000E4C540
:10D14000F212FE12FE12F20084848484FC000000BD
:10D15000FF4A49484949FF003F4040404140700074
:10D16000C3D6001715D55557557D555755D51517A5
:10D1700000004040407F555555555555557F40401E
:10D180004000E8C9404042CC0040A09E8282829E7E
:10D19000A02020000000003F908840432C1028462B
:10D1A00041808000CBD4404042CC00202222A262A9
:10D1B0002222222000000040201F20444E454444EB
:10D1C0004445464C4000AFB64044C444444440103B
:10D1D00010FF101010F00000103C131014B8403075
:10D1E0000E014080403F0000B1D40000C05E5252AA
:10D1F00052525252525EC000000080808F40402048
:10D20000100E101020204F800000A4B90004040468
:10D21000040404FC0404040404040000202020206E
:10D220002020203F2020202020202000F8B5003E94
:10D2300022E2223E403C1010FF1010100000407E01
:10D24000403F22228041310D030D31418100C7D67C
:10D25000109453321E325210007E4242427E000031
:10D26000000000FF49494949494949FF00000000C1
:10D27000DCC408CC4A49484ACC18007F888884829C
:10D28000E00000FF121252927F00007E88888482A4
:10D29000E000D6CA00002424242424FC22222223D5
:10D2A00022000000020202020242827F0202020207
:10D2B00002020200B7BB048484FC8484000404845A
:10D2C000E41C840404002060201F101004020100EC
:10D2D000FF0000010600AAB600002424242424FC38
:10D2E0002222222322000000020242E2524A464346
:10D2F00042425262C2020200A7CA0040301E101011
:10D3000010FF101010101000000081814121110D3C
:10D310000301030D11214181810001F0600007FC30
:10D3200060000FFE60000FFE60001FBF60003E0F38
:10D3300060003C0660003802600078006000700009
:10D34000600070006000E0006000E0006200E0004B
:10D350006600E0006700E0006700E0006780C00052
:10D3600063C0C00063C0C000E1E0C001E1E0E007CD
:10D37000E0F0E00FC078E01F8078E00FC03CE007ED
:10D38000E03CE003F01E7001F80E7000FC0F780026
:10D390003E0738007F073C01FE033C03F8033807D3
:10D3A000F007781FC007703F800F70FF000EE1FC90
:10D3B000001EE1FC003CE07E003CE03F8078E01F86
:10D3C000C070E007E0F0C003E1E0C001E1E0C000B0
:10D3D00063C0C00063C0E0006780E0006700E00059
:10D3E0006700E0006600E0006200E000600070009E
:10D3F00060007000600078006000380260003C0649
:10D4000060003E0F60001FBF60000FFE60000FFE57
:10D41000600007FC600001F0600000383C0000FC88
:10D420003E0000FE7F0001FE7F8001FE7F8003EF53
:10D43000F7C003C7E3C00387E1C00387E1C00383EC
:10D44000C1C003C183C001C003C003C003F83F8053
:10D4500001FC3F8001FE7F8001FE7F83C1FE7F07CC
:10D46000E0EEF40FF00FE01FF807E03FFC07E03FAD
:10D47000FC07E03C3C07E0781E07E0700E07E07018
:10D480000E07F0F00F0FF8E00F1F78E0071E78E0AE
:10D49000071E38E0073C3CE007383CE0073838E03E
:10D4A000073C78E0071E78E0071EF8F00F1FF0F049
:10D4B0000E0FE0700E07E0781E07E0781E07E03CD4
:10D4C0003C07E03FFC07E01FF807F01FF80FFF0FD5
:10D4D000F0FF7F07E0FE7F8181FE3F8001FE3F80FD
:10D4E00001FC1BC003D801C003C001C003C003C1BD
:10D4F00081C00383C1C00387E1C00387E1C003CFBC
:10D50000E3C003EFF78001FE7F8001FE7F8000FE15
:10D510007F00007C3E00003C1C000000000000007A
:10D5200000000000000000000000000000000000FB
:10D53000000000000000000000000030000700FFB5
:10D54000F03F01FFFFFF03FFFFFC07FFFFE007FFC6
:10D55000F80007E7FE0077F81FFFFFFE0FFFFFFF51
:10D5600083FFFC3FC000FC03E0007801F0000000F6
:10D57000700000003FFF00003FFF00003FFF000081
:10D58000000000000000000000000000000000009B
:10D59000000000000000000000000000000000008B
:10D5A00000001C0030003F00F0007F83F000FF8F80
:10D5B000E000E3DF8000E3DE0000F3FC0000FFF8A2
:10D5C00000007F7E00003EFFC00000FFF00001E78A
:10D5D000FC0001C0FFFE07C0FFFF0F80FFFF1F0020
:10D5E000F0FE3E00F0003C007000380070000000CB
:10D5F0007000000078000000380000003C000000CF
:10D600003C0000001C0000001E0000000E00000096
:10D610000C000000000000000000303132333435CF
:10D62000363738394142434445464030580030315E
:10D630003233343536373839616263646566403079
:10D640007800040000080000000000000002000153
:10D650000000100000000000000000000000F03F8B
:10D66000000000000000F83F000000000000000083
:10D670000000004003B8E23F00000000000000008E
:10D6800006D0CF43EBFD4C3E033333333333E33F1C
:10D69000FFAB6FDBB66DDB3F4D268F515555D53F48
:10D6A00001411DA96074D13F65DBC9934A86CD3F16
:10D6B000EF4E454A287ECA3F3E5555555555C53F04
:10D6C00093BDBE166CC166BF2CDE25AF6A56113FF6
:10D6D000F16BD2C541BDBBBED0A4BE726937663EF8
:10D6E0004C5555555555A53F7751C1166CC156BF80
:10D6F0009015CB19A001FA3EAD529C804F7E92BE90
:10D70000C4B1B4BD9EEE213ED43888BEE9FAA8BDAE
:10D71000000000000000000000004054FB21F93F21
:10D720003163621A61B4D03D0000601A61B4D03D2B
:10D730007370032E8A19A33B0000002E8A19A33BA5
:10D74000C14920259A837B390000000000000000B9
:10D750006E83F9A22915444ED15727FCC0DD34F55C
:10D76000999562DB4190433CAB6351FE61C5BBDEE2
:10D770003A6E24B7E0D24D42EA2E49061C92D109F6
:10D780001CEB1DFE3EA729B1F53582E88444BB2E73
:10D7900026709CE9417E5FB439D69139F4395383C0
:10D7A0008B5F849C3B28F9BDFF97F81F0F9805DE1F
:10D7B0008B112FEF1F6D0A5ACF7E366DB709CB271D
:10D7C000663F464F2DEA5F9EC7BA27757BF1E5EBB2
:10D7D000F739073DEA92528AB15FFB6B085D8D1FF6
:10D7E000A6F810111111813FD561C119A0012ABFFE
:10D7F0007DFEB157E31DC73EEB9C2B8AE6E55ABE82
:10D800007CD5CF5A3AD9E53D02400000000000A087
:10D810000000000005400000000000C800000000FB
:10D820000C4000000000409C000000001940000077
:10D830000020BCBE0000000034400000BFC91B8EA9
:10D8400000000004B5400000504BCFD06607E2CF87
:10D85000010000006C4100003E8251AADFEEA734B7
:10D8600001000000D9420000DCB5A0E23A301F9769
:10D87000FFFFFFFFB4450000FD25A0C8E9A3C14F8D
:10D88000FFFFFFFFFF3F00000000008000000000DE
:10D89000FF3F00000000008000000000464C45589B
:10D8A0005F42544E5F50524553535F4C4F4E475F5B
:10D8B000484F4C4400000000464C45585F42544ECF
:10D8C0005F50524553535F4E4F4E4500464C4558AE
:10D8D0005F42544E5F50524553535F444F55424C44
:10D8E000455F434C49434B00464C45585F42544EBC
:10D8F0005F50524553535F434C49434B0000000077
:10D90000464C45585F42544E5F50524553535F5208
:10D9100045504541545F434C49434B00464C4558A4
:10D920005F42544E5F50524553535F444F574E0031
:10D93000464C45585F42544E5F50524553535F4CDE
:10D940004F4E475F484F4C445F555000464C45583A
:10D950005F42544E5F50524553535F4C4F4E475FAA
:10D9600055500000464C45585F42544E5F5052455A
:10D9700053535F53484F52545F555000464C4558DF
:10D980005F42544E5F50524553535F4C4F4E475F7A
:10D990005354415254000000464C45585F42544E87
:10D9A0005F50524553535F53484F52545F53544155
:10D9B00052540000464C45585F42544E5F50524509
:10D9C00053535F4D41580000646174615F6D656E33
:10D9D000750000007374617475735F6D656E75001A
:10D9E0007365745F6D656E750000000070726F6D19
:10D9F00070745F6D656E7500D7B4CCACBDE7C3E6DF
:10DA000000000000CCE1CABEBDE7C3E60000000094
:10DA1000C9E8D6C3BDE7C3E600000000CAFDBEDD0D
:10DA2000BDE7C3E6000000007365747461626C6555
:10DA300031000000C9E8D6C3CFEE310073657474BD
:10DA400061626C6532000000C9E8D6C3CFEE3200D7
:10DA50007365747461626C6533000000C9E8D6C3F5
:10DA6000CFEE33007365747461626C65340000003E
:10DA7000C9E8D6C3CFEE34007365747461626C6517
:10DA800035000000C9E8D6C3CFEE35007365747465
:10DA900061626C6536000000C9E8D6C3CFEE36007F
:10DAA0007365747461626C6537000000C9E8D6C3A1
:10DAB000CFEE370028753762EF53FD80D1531F75C5
:10DAC000715369962000C35F877308FF25006400C7
:10DAD00009FF4088276C08FF25002E0031006600F2
:10DAE00009FF534F296E08FF2500640009FFCF7E10
:10DAF000A65E08FF25002E003400660009FFAC7EFC
:10DB0000A65E08FF25002E003400660009FF000015
:10DB10004CDB000800000020AC0200006C01000893
:10DB200040DC0008AC020020CC310000C801000835
:10DB30001C00000043000000F8FFFFFF0C00000085
:10DB40000E0000000F0000002E0000000118032648
:10DB5000E8035A0104390C2C02030404D009060717
:10DB6000080902040608CA04340917147909B90B14
:10DB70005113812F14080D3614086D191408757D82
:10DB800012081410014022206A102C2D0801404078
:10DB900007811910118A8010131CD91408E8D81BAA
:10DBA00008CC0411190C1A98041A64041A7C041A7B
:10DBB0004C041A9C181A30081AB4042AB8241A0CF7
:10DBC00040195D3940290C196C790C1969790C6977
:10DBD000642970198969D713FD7B2B085DA8711A18
:10DBE000F8581AD4041A3918C1131CDA1B08C818BB
:10DBF00001101A10181AE018CBB17A1C1A04180A6E
:10DC000011EC30C11A34241A2804C129101A48040E
:10DC1000DA3C1829101A5C04DA501829101A70041A
:10DC2000DA641829101A8404DA781829101A98046A
:10DC3000DA8C1829101AAC04DAA018E910012000B7
:040000050800023DB0
:00000001FF
